antibody_isolate,antibody_lineage,subject,timepoint,light_locus,heavy_sequence,light_sequence
40591-a.01,40591-a,40591,136,IGK,GAGGTGCAGCTGGTGGAGTCTGGGGGAGGCTTGGTCCAGCCTGGAGGGTCCCTGAGACTCTCCTGTACATTCTCTGGACGCAGTTACCATAATTATGGCATGGCCTGGGTCCGTCAGGCTCCGGGAAAGGGACTGGAGTGGGTCTCATCTATTAGTAGTGGTAGTAGTTATACAGACTATATTGGATCCGTGAGGGGCCGATTCACCATCTCCAGAGAGAACGCCATGAATTCGTTGTCTCTCCACATGAACAGCCTGAGAGCCGAGGACACGGGCGTATATTTTTGTGCTAGTCAGGGCCCTGACCCGTGGTACGAGGATGATTTCGGTTACCATTACGAGGTTCTTTCCAATCGATTCGATGTCTGGGGCCCGGGAGTCCTGGTCACCGTCTCCTCA,GACATTCAGATGACCCAGTCTCCATCTTCCTTATCTGCATCTGTGGGAGACAGAGTCACCATCACTTGTCGGGCTAGTCAGACCGTTAGCAGTAATTTAGCCTGGTATCAGCAGAAACCAGGGAAAGCCCCTAAGTTCCTGATCTATGATTCATCCACTTTGGCAACCGGGGTCCCATCTCGGTTCAGCGGCAGTGGATCTGGGACAGAATTTACTCTCACCATCAGCAGCCTGCAGCCTGAAGATTTTGCAACTTATTACTGTCAACAACATTATAGTCGCCCGGTTACTTTCGGCGGAGGGACCAAGGTGGAGATCAAG
40591-a.02,40591-a,40591,136,IGK,GAGGTGCAGCTGGTGGAGTCTGGGGGAGGCTTGGTCCAGCCTGGAGGGTCCCTGAGACTCTCCTGTAAAGTCTCTGTACTCAATTTCCATAATTATGGCATGGGCTGGGTCCGTCAGGCTCCGGGGAAGGGACTGGAGTGGGTCTCATCTATTAGTAGTGCTAGTAGTTATACAGACTACAGTGAATCCGTGAGGGGCCGATTCGCCATCTCCAGAGACAACGCCATGAATTCGGTGTCTCTCCACATGAACAGTCTGAGAGTCGAGGACACGGGCGTGTATTATTGTGCTAGTCAGGGCCCTGACCCGTGGTACGAAGATGATTTCCCTTACCAATACGAACTTCTTTCCAATCGATTCGATGTCTGGGGCCCGGGAGTCCTGGTCACCGTCTCCTCA,GACATTCAGATGACCCAGTCTCCATCTTCCTTATCTGCATCTGTGGGAGACAGAGTCACCATCACTTGTCGGGCTAGTCAGACCATTAGTAGGAATTTAGCCTGGTATCAGCAGAAACCAGGGAAAGTCCCTAAGTTCCTGATCTATGATTCATCCAGTTTGGCAAGCGGGGTCCCATCTCGGTTCAGCGGCACTGGATCTGGGACAGAATTCACTCTCACCATCAACAGCCTGCAGCCTGAAGATTTTGCCACTTATTACTGTCAACAACATTATAGTCGCCCGATTACTTTCGGCGGAGGGACCAAGGTGGAGATCAAA
40591-a.03,40591-a,40591,136,IGK,GAGGTGCAGCTGGTGGAGTCTGGGGGAGGCTTGGTCCAGCCTGGAGGGTCCCTGAGACTCTCCTGTAAAGTCTCTGTACTCAATTTCCATAATTATGGCATGGCCTGGGTCCGTCAGGCTCCGGGAAAGGGACTGGAGTGGGTCTCATCTATTAGTAGTGGAAGTAGTTATACAGACTACACTGAATCCGTGAGGGGCCGATTCACCATCTCCAGAGACAACGCCATGAATTCGGTGTCTCTCCATATGAGCAGTCTAAGACTCGAGGACACGGGCGTGTATTATTGTACTTCTCAGGGCCCTGACCCGTGGTTCCAGGCTGATTTCCCTTACCAATACGAACTTCTTTCCAATCGATTCGATGTCTGGGGCCCGGGAGTCCTGGTCACCGTCGCCTCA,GACATTCAGATGACCCAGTCTCCATCTTCCTTATCTGCATCTGTGGGAGACAGAGTCACCATCACTTGTCGGGCTAGTCAGACCATTAGTAGGAATTTAGCCTGGTATCAGCAGAAACCAGGGAAAGTCCCTAAGTTCCTGATCTATGATTCATCCAGTTTGGCAAGCGGGGTCCCATCTCGGTTCAGCGGCACTGGATCTGGGACAGAATTCACTCTCACCATCAACAGCCTGCAGCCTGAAGATTTTGCCACTTATTACTGTCAACAACATTATAGTCGCCCGATTACTTTCGGCGGAGGGACCAAGGTGGAGATCAAA
40591-a.04,40591-a,40591,136,IGK,GAGGTGCAGGTGGTGGAGTCTGGGGGAGGCTTGGTCCAGCCTGGAGGGTCCCTGAGACTCTCCTGTAAAGCCTCTGGACTGAGTTTCAATGATTATGGCATGGGCTGGGTCCGTCAGGCTCCGGGAAAGGGACTGGAGTGGGTCTCATCTATAAGTAGCGGTAGTAGTTACACAGACTATGCTGACTCCGTGAAGGGCCGATTCACCATCTCCAGAGAGAACGTCAAGAACTCGGTGTTTCTCCATATGAACAGCCTGACAACCGAGGACACGGCCGTTTATTTCTGTGTTAGTCAGGGCCCTGACCCGTGGTACGAGGCTGATTTCGGTTACCATTACGAGATTCTTTCCAACCGATTCGATGTCTGGGGCCCGGGAGTCCTGGTCACCGTCTCCGCA,GACATTCAGATGACCCAGTCTCCATCTTCCTTATCTGCATCTGTAGGAGACAGAGTCATTATCATTTGTCGGGCTAGTCAGACCATTAGCAGAAATTTAGCCTGGTATCAGCAGAAACCAGGGAAAGCCCCTAAGTCCCTGATCTATGATTCATCCAGTTTGCATAGCGGGGTCCCATCTCGGTTCAGCGGCAGTGGATCTGGGACAGAATTTACTCTCACCATCAGCAGTGTGCAGCCTGAAGACTTTGCAACTTATTACTGTCAACAGCATTATAGTCGCCCGATCACTTTCGGCGGGGGGACCAAGGTGGAGATCAAA
40591-a.05,40591-a,40591,136,IGK,GAGGTGCAGTTGGTGGAGTCTGGGGGAGGGTTGGTCCAGCCTGGAGGGTCCCTGAGACTCTCCTGTAAAGGCTCTGGATTCACCTTCAGAAATTACGCCATGAGCTGGGTCCGCCAGGCTCCGGGAGGGGGGCTGGAGTGGGTCTCATCTATTAGTAGTGAGAGTTCTGACATATTCTACGCCGACTCCGTGAAGGGCCGCTTCACCCTCTCCAGGGACAACTACAGGACCTCCCTGTCTCTCCAAATGAACAGCCTGAGAGTCGAGGACACGGCCGTCTATTACTGTACTACTCAGGGGCCTGACCCGTGGTCCGACAATGATTACGGTTACTTTTACGAGGCGCTTTCCAACCGGTTCCATGACTGGGGCCCGGGAGTCCTGGTCACCGTTTCCTCA,GACATTCAGATGACCCAGTCTCCATCTTCCTTATCTGCATCTGTAGGAGACAGAGTCACCATCACTTGCCGGGCTAGTCAGACCATTAGCACCTCTTTAGCCTGGTATCAACAGAAATCCGGAAAAGCCCCTAAGCTCCTGATCTATGGTTCATCCAATTTGGAAAGCGGGGTCCCGTCTCGGTTCAGCGGCAGTGGATCTGGGACAGAATTCACTCTCACCATTAGTACCCTGCAGGCTGAAGATTTTGCAACCTACTACTGTCAACAACATGATAGTCATCCGCTCACTTTCGGCGGAGGGACCACGGTAGATGTCAAA
40591-a.06,40591-a,40591,136,IGK,GAGGTGCAGTTGGTGGAGTCTGGGGGAGGGTTGGTCCAGCCTGGAGGGTCCCTGAGACTCTCCTGTAAAGGCTCTGGATTCAACTTCAGAAATTACGCCATGAGCTGGGTCCGCCAGGCTCCGGGAGGGGGGCTGGAGTGGGTCTCATCCATTAGTAGTGAGAGTTCTGACATACTCTACGCCGACTCCGTGAAGGGCCGCTTCACCCTCTCCAGGGACAACTACAGGACCTCCCTGTCTCTCCAAATGAACGGCCTGAGAGTCGAGGACACGGCCGTATATTACTGTACTACTCAGGGGCCTGACCCGTGGTCCGACAATGATTATGGTTACTTGTACGAGGCGCTTTCCAACCGGTTCCATGACTGGGGCCCGGGAGTCCTGGTCACCGTTTCCTCA,GACATTCAGATGACCCAGTCTCCATCTTCCTTATCTGCATCTGTAGGAGACAGAGTCACCATCACTTGCCGGGCTAGTCAGACCATTAGCACCTCTTTAGCCTGGTATCAACAGAAATCCGGAAAAGCCCCTAAGCTCCTGATCTATGGTTCATCCAATTTGGAAAGCGGGGTCCCGTCTCGGTTCAGCGGCAGTGGATCTGGGACAGAATTCACTCTCACCATTAGTACCCTGCAGGCTGAAGATTTTGCAACCTACTACTGTCAACAACATGATAGTCATCCGCTCACTTTCGGCGGAGGGACCACGGTAGATGTCAAA
40591-a.07,40591-a,40591,136,IGK,GAGGTGCAGTTGGTGGAGTCTGGGGGAGGGTTGGTCCAGCCTGGAGGGTCCCTGAGACTCTCCTGTAAAGGCTCTGGATTCAACTTCAGAAACTACGCCATGAGCTGGGTCCGCCAGGCTCCGGGAGGGGGGCTGGAGTGGGTCTCATCCATCAGTAGTGAGAGTTCTGACATACTCTACGCCGACTCCGTGAAGGGCCGCTTCACCCTCTCCAGGGACAACTACAGGACCTCCCTGTCTCTCCAAATGAACAGCCTGAGAGTCGAGGACACGGCCGTGTATTACTGTACTACTCAGGGGCCTGACCCGTGGTCCGACAATGATTACGGTTACTTTTACGAGGCGCTTTCCAACCGTTTCCATGACTGGGGCCCGGGAGTCCTGGTCACCGTTTCCTCA,GACATTCAGATGACCCAGTCTCCATCTTCCTTATCTGCATCTGTAGGAGACAGAGTCACCATCACTTGCCGGGCTAGTCAGACCATTAGCACCTTTTTAGCCTGGTATCAACAGAAATCCGGAAAAGCCCCTAAGCTCCTGATCTATGGTTCATCCAATTTGGAAAGCGGAGTCCCGTCTCGGTTCAGCGGCAGTGGATCTGGGACAGAATTCACTCTCACCATCAACACCCTGCAGGCTGAAGATTTTGCAACTTACTACTGTCAACAGCATAATAGTCACCCGCTCACTTTCGGCGGAGGGACCACGGTAGATATCAAA
40591-a.08,40591-a,40591,136,IGK,GAGGTGCAGTTGGTGGAGTCTGGGGGAGGGTTGGTCCAGCCTGGAGGGTCCCTGAGACTCTCCTGTAAAGGCTCTGGATTCAACTTCAGAAATTACGCCATGAGCTGGGTCCGCCAGGCTCCGGGAGGGGGGCTGGAGTGGGTCTCATCCATCAGTAGTGAGAGTTCTGACATACTCTACGCCGACTCCGTGAAGGGCCGCTTCACCCTCTCCAGGGACAACTACAGGACCTCCCTGTCTCTCCAAATGAACAGCCTGAGAGTCGAGGACACGGCCGTGTATTACTGTACTACTCAGGGGCCTGACCCGTGGTCCGACAATGATTACGGTTACTTTTACGAGGCGCTTTCCAACCGGTTCCATGACTGGGGCCCGGGAGTCCTGGTCACCGTTTCCTCA,GACATTCAGATGACCCAGTCTCCATCTTCCTTATCTGCATCTGTAGGAGACAGAGTCACCATCACTTGCCGGGCTAGTCAGACCATTAGCACCTTTTTAGCCTGGTATCAACAGAAATCCGGAAAAGCCCCTAAGCTCCTGATCTATGGTTCATCCAATTTGGAAAGCGGGGTCCCGTCTCGGTTCAGCGGCAGTGGATCTGGGACAGAATTCACTCTCACCATCAGCACCCTGCAGGCTGAAGATTTTGCAACTTACTACTGTCAACAGCATAATAGTCACCCGCTCACTTTCGGCGGAGGGACCACGGTAGATATCAAA
40591-a.09,40591-a,40591,136,IGK,GAGGTGCAGTTGGTGGAGTCTGGGGGAGGGTTGGTCCAGCCTGGAGGGTCCCTGAGACTCTCCTGTAAAGGCTCTGGATTCAACTTCAGAAACTACGCCATGAGCTGGGTCCGCCAGGCTCCGGGAGGGGGGCTGGAGTGGGTCTCATCCATCAGTAGTGAGAGTTCTGACATACTCTACGCCGACTCCGTGAAGGGCCGCTTCACCCTCTCCAGGGACAACTACAGGACCTCCCTGTCTCTCCAAATGAACAGCCTGAGAGTCGAGGACACGGCCGTGTATTACTGTACTACTCAGGGGCCTGACCCGTGGTCCGACAATGATTACGGTTACTTTTACGAGGCGCTTTCCAACCGTTTCCATGACTGGGGCCCGGGAGTCCTGGTCACCGTTTCCTCA,GACATTCAGATGACCCAGTCTCCATCTTCCTTATCTGCATCTGTAGGAGACAGAGTCACCATCACTTGCCGGGCTAGTCAGACCATTAGCACCTTTTTAGCCTGGTATCAACAGAAATCCGGAAAAGCCCCTAAGCTCCTGATCTATGGTTCATCCAATTTGGAAAGCGGAGTCCCGTCTCGGTTCAGCGGCAGTGGATCTGGGACAGAATTCACTCTCACCATCAACACCCTGCAGGCTGAAGATTTTGCAACTTACTACTGTCAACAGCATAATAGTCACCCGCTCACTTTCGGCGGAGGGACCACGGTAGATATCAAA
41328-a.01,41328-a,41328,80,IGL,CAGGTGCAGCTGCAGCAGTGGGGTGAAGGACTGGTGAAGCCTTCGGAGACCCTGTCCCTCAGTTGCGCTGTCTATGGTGGCTCCATCAGCGGTCACTACTACTGGAGCTGGATCCGGCAGGCCCCAGGGAAGGGACTGGAGTGGATTGGGAAGATTGATGCTAATAGTGCGAGCACCAATTACAACCCGTCCTTCAAGAATCGAGTCAGCATTTCGAAAGACACGTCCAAGAAGCAGTTTTATCTGAACCTGCATTCTGTGACGGCCGCGGACACGGCCGTGTATTACTGTGCGAGAGGTTCTATCTATTACGAGGATGATGACGGTTACTATTATAGCGAGGCGACATATCTCCATTTACATTTGTGGGGCCAAGGGGTCGTCGTCACCGTCTCCTCA,CAGTCTGTGCTGACTCAGCCTCCCTCAGCGTCTGAGGCCGCCAGGAAGAGGGTCTCCATCTCCTGTTCTGGAAGCTTCTCCAACATCGGAACTAATAGTGTATCCTGGTACCAACACCTCCCAGGAACAGCTCCCAAACTCCTCATCTATCACAATGGTCAACGAGCCTCAGGTGTCTCTGACCGATTCTCTGGCTCCAAGTCTGGCACGTCAGCCTCCCTGGCCATCAGTGCACTCCAGACCGAAGATGAGGCTGATTATTACTGCGCAACTTGGGATGATATGCTGAACGGTTACTTCTTCGGTGCTGGGACCCGACTCACCGTCCTA
41328-a.02,41328-a,41328,80,IGL,CAGGTGCAGCTGCAGCAGTGGGGTGAAGGACTGGTGAAGCCTTCGGAGACCCTGTCCCTCAGTTGCGCTGTCTATGGTGGCTCCATCAGCGGTCACTACTACTGGAGCTGGATCCGGCAGGCCCCAGGGAAGGGACTGGAGTGGATTGGGAAGATTGATGCTAATAGTGCGAGCACCAATTACAACCCGTCCTTCAAGAATCGAGTCAGCATTTCGAAAGACACGTCCAAGAAGCAGTTTTATCTGAACCTGCATTCTGTGACGGCCGCGGACACGGCCGTGTATTACTGTGCGAGAGGTTCTATCTATTACGAGGATGATGACGGTTACTATTATAGCGAGGCGACATATCTCCATTTACATTTGTGGGGCCAAGGGGTCGTCGTCACCGTCTCCTCA,CAGTCTGTGCTGACTCAGCCTCCCTCAGCGTCTGAGGCCGCCAGGAAGAGGGTCTCCATCTCCTGTTCTGGAAGCTTCTCCAACATCGGAACTAATAGTGTATCCTGGTACCAACACCTCCCAGGAACAGCTCCCAAACTCCTCATCTATCACAATGGTCAACGAGCCTCAGGTGTCTCTGACCGATTCTCTGGCTCCAAGTCTGGCACGTCAGCCTCCCTGGCCATCAGTGCACTCCAGACCGAAGATGAGGCTGATTATTACTGCGCAACTTGGGATGATATGCTGAACGGTTACTTCTTCGGTGCTGGGACCCGACTCACCGTCCTA
41328-a.03,41328-a,41328,80,IGL,CAGGTGCAGCTCCAGCAGTGGGGTGAAGGACTGGTGAAGCCTTCGGAGACCCTGTCCCTCACCTGCGCTGTCTATGGTGGCTCCATCAGCGGTTACTACTACTGGAGCTGGATCCGCCAGGCCCCAGGGAAGGGACTGGAGTGGATTGGGAGTATTGATGGGAATAGTGCGAGGACCAATTATAACCCCTCCCTCAAGAATCGAGTCAACATTTCAAAAGACACGTCCAAGAAACAGTTTTCCCTGAAGCTGAGTTCTGTGACCGCCGCGGACACGGCCGTGTATTACTGTGGGAGAGGTTTTACGTATTACGAGGATGATGAGGGTTACTATTACACCGAACCGACATACCTCTTTTTGGATTTCTGGGGCCAAGGGGTCGTCGTCACCGTCTCCTCA,CAGTCTGTGCTGACTCAGCCTCCCTCAGTGTCTGAGGCCGCCGGGAAGAGTGTCACCATCTCCTGTTCTGGAAGCTTCCCCAATATCAGACTTAATAGTGTGTCCTGGTACCTGCACCTCCCAGGAACAGCTCCCAAACTCCTCATCTTTTATAACGGTCACCGGGCCTCAGGTGTCTCTGCCCGATTTTCTGGCTCCAAGTCTGGCACGTCAGCCTCCCTGGCCATCAGTGGCCTCCAGACCGAGGATGAGGCTGATTATTACTGCGCATCATGGGATGATAACCTGAACAGTTACATCTTCGGTCCTGGGACCCGGCTCACCGTCCTA
41328-a.04,41328-a,41328,80,IGL,CAGGTGCAGCTGCAGCAGTGGGGTGAAGGACTGGTGAAGCCTTCGGAGACCCTGTCCCTCACCTGCGCTGTCTATGGTGGCTCCATTAGCGGTTACTACTTCTTGACTTGGATCCGCCAGGCCCCAGGGAAGGGGCTGGAGTGGATTGGGAATATTGCTGGAAATACTGCGAGCACCAACTACAGTCCCTCCCTCAAGAATCGAGTCACCATTTCAAAAGACACGTCCAAGAACCAGTTTTCCCTGAGGCTGACCTCTGTACTCGCCGCGGACACGGCCGTCTATTACTGCGCGAGAGGTTCTACGTATTATGAGGATGATGACGGTTACTATTATACCGAGCCGACATACCTCTTTTTGGGTTTCTGGGGCCAAGGGGTCGTCGTCACCGTCTCCTCA,CAGTCTGTGCTGACTCAGCCTCCCTCAGCGTCTGAGGCCGCCGGGAAGAGTATTGCCATCTCCTGTTCTGGAAGCTTCTCCAACATTAGACTTAATAGCGTATCCTGGTACCAGCAGCTCCCAGGAACACCCCCCAAACTCCTCATCTATTATAATGGTCAACGAGCCTCAGGTGTCTCTGCCCGATTCTCTGGCTCCAAGTCTGGCACGTCAGCCTCCCTGGCCATCAGTGGGCTCCAGACCGAGGATGAGGCTGATTATTACTGCGCAGCATGGGATGATAACCTGAACGGTTACATCTTCGGTTCTGGGACCCGGCTCACCGTCCTA
41328-a.05,41328-a,41328,80,IGL,CAGGTGCAGCTGCAGCAGTGGGGTGAAGGGCTGGTGAAGCCTTCGGAGACCCTGTCCCTCACCTGCGCTGTCTATGGTGGCTCCATCAGCGGTTATTACTACTGGAGTTGGATCCGCAAGGCCCCAGGGAGGGGACTGGAGTGGATTGGGAAAATTGATGGTAATAGTGGGAGCACCAAGTACAATCCCTCCCTCAAAAATCGCGTCGCCATTTCAAAAGACACGTCCAAGAAACAATTTTCCCTGAGGCTGACCTCTGTGACCGCCGCGGACACGGCCGTTTATTACTGTGCGAGAGGTTCCACCTATTACGAGGATGGTGACGGTTACTATTATACCGAAGCGACATGCCTCTTTTTGGGTTCCTGGGGCCAAGGGGTCGTCGTCACCGTCTCCTCA,CAGTCTGTGCTGACTCAGCCTCCCTCAGCGTCTGAGGCCGCCGGGAAGACTGTCACCATCTCCTGTTCTGGAAGCTTCTCCAACATCAGACTTAATACTGTTTCCTGGTACCAGCAGTTCCCAGGAACAGCTCCCAAACTCCTCATCTATTATAGTTATCAACGGGCCTCAGGCGTCTCTGACCGATTCTCTGGCTCCAAGTCTGGCACGTCAGCCTCCCTGGCCATCCGTGGGCTCCAGACCGAGGATGAGGCTGATTACTATTGCGCCTCATGGGATGATGGTCTCAACGCATACATCTTCGGTGGTGGGACCCGGCTCACCGTCCTA
41328-a.06,41328-a,41328,80,IGL,CAGGTGCAGCTCCAGCAGTGGGGTGAAGGACTGGTGAAGCCTTCGGAGACCCTGTCCCTCACCTGCGCTGTCTATGGTGGCTCCATCAGCGGTTACTATTACTGGAGCTGGATCCGGCAGGCCCCAGGGAAGGGACTGGAGTGGATTGGGAGTATTGATGGTAGTAGTGCGAGGACCAATTATAACCCCTCCCTGAAGAATCGAGTCAACATTTCAAAAGACACGTCCAAGAAACAGTTTTCCCTGAAGCTGACTTCTATGACCGCCGCGGACACGGCCGTGTATTACTGTGGGAGAGGTTTTACGTATTACGAGGATGATGAGGGTTACTATTACACCGAACCGACATACCTCTTTTTGGATTTCTGGGGCCAAGGGGTCGTCGTCACCGTCTCCTCA,CAGTCTGTGCTGACTCAGCCTCCCTCAGTGTCTGAGGCCGCCGGGAAGAGTGTCACCATCTCCTGTTCTGGAAGCTTCCCCAACATCAGACTTAATAGTGTGTCCTGGTACCTGCACCTCCCAGGAACAGCTCCCAAACTCCTCATCTATTATAACGGTCACCGGGCCTCAGGTGTCTCTGCCCGATTTTCTGGCTCCAAGTCTGGCACGTCAGCCTCCCTGGCCATCAGTGGCCTCCAGACCGAGGATGAGGCTGATTATTACTGCGCATCATGGGATGATAACCTGAACAGTTACATCTTCGGTCCTGGGACCCGGCTCACCGTCCTA
41328-a.07,41328-a,41328,80,IGL,CAGGTGCAGCTGCAGCAGTGGGGTGAAGGACTGGTGAAGCCTTCGGAGACCCTGTCCCTCAGTTGCGCTGTCTATGGTGGCTCCATCAGCGGTCACTACTACTGGAGCTGGATCCGGCAGGCCCCAGGGAAGGGACTGGAGTGGATTGGGAAGATTGATGCTAATAGTGCGAGCACCAATTACAACCCGTCCTTCAAGAATCGAGTCAGCATTTCGAAAGACACGTCCAAGAAGCAGTTTTATCTGAACCTGCATTCTGTGACGGCCGCGGACACGGCCGTGTATTACTGTGCGAGAGGTTCTATCTATTACGAGGATGATGACGGTTACTATTATAGCGAGGCGACATATCTCCATTTACATTTGTGGGACCAAGGGGTCGTCGTCACCGTCTCCTCA,CAGTCTGTGCTGACTCAGCCTCCCTCAGCGTCTGAGGCCGCCAGGAAGAGGGTCTCCATCTCCTGTTCTGGAAGCTTCTCCAACATCGGAACTAATAGTGTATCCTGGTACCAACACCTCCCAGGAACAGCTCCCAAACTCCTCATCTATCACAATGGTCAACGAGCCTCAGGTGTCTCTGACCGATTCTCTGGCTCCAAGTCTGGCACGTCAGCCTCCCTGGCCATCAGTGCACTCCAGACCGAAGATGAGGCTGATTATTACTGCGCAACTTGGGATGATATGCTGAACGGTTACTTCTTCGGTGCTGGGACCCGACTCACCGTCCTA
41328-a.08,41328-a,41328,80,IGL,CAGGTGCAGCTGCAGCAGTGGGGTGGAGGACTGGTGAAGCCTTCGGAGACCCTGTCCCTCAGTTGCGCTGTCTATGGTGGCTCCATCAGCGGTCACTTCTACTGGAGCTGGATCCGCCAGGCCCCAGGGAAGGGACTAGAGTGGATTGGGAAGATTGATGGTAATGGTGCGAGCACGAATTACAACCCCTCCTTCAAGAATCGAGTCACCATTTCAAAAGACACGTCCAAGAAGCAGATTTCTCTGAACCTGAGTTCTGTGACCGCCGCGGACACGGCCGTGTATTACTGTGCGAGAGGTTCTATCTTTTACGAGGATGATGACGGTTACTATTATACCGAAGCGACATACCTCCATTTACATTTGTGGGGCCAAGGGGTCGTCGTCACCGTCTCCTCA,CAGTCTGTGCTGACTCAGCCTCCCTCAGCGTCTGAGGCCGCCAGGAAGAGTGTCTCCATCTCATGTTCTGGCAGCTTCTCCAACATCCGACTTAATAGTGTATCCTGGTACCAGTTGGTCCCAGGAACAGCTCCCAAACTCCTCATCTATCACAATGGTCAACGAGCCTCAGGTGTCTCTGACCGATTCTCTGGCTCCAAGTCTGGCACGTCAGCCTCCCTGGCCATCAGTGGACTCCAGACCGAAGATGAGGCTGATTATTACTGCGCAAGTTGGGATGATAGGCTGAACGCTTACGTCTTCGGTCCTGGGACCCGGCTCACCGTCCTG
41328-a.09,41328-a,41328,80,IGL,CAGGTGCAGCTGCAGCAGTGGGGTGAAGGACTGGTGAAGCCTTCGGAGACCCTGTCCCTCAGTTGCGCTGTCTATGGTGGCTCCATCAGCGGTCACTACTACTGGAGCTGGATCCGGCAGGCCCCAGGGAAGGGACTGGAGTGGATTGGGAAGATTGATGCTAATAGTGCGAGCACCAATTACAACCCGTCCTTCAAGAATCGAGTCAGCATTTCGAAAGACACGTCCAAGAAGCAGTTTTATCTGAACCTGCATTCTGTGACGGCCGCGGACACGGCCGTGTATTACTGTGCGAGAGGTTCTATCTATTACGAGGATGATGACGGTTACTATTATAGCGAGGCGACATATCTCCATTTACATTTGTGGGGCCAAGGGGTCGTCGTCACCGTCTCCTCA,CAGTCTGTGCTGACTCAGCCTCCCTCAGCGTCTGAGGCCGCCAGGAAGAGGGTCTCCATCTCCTGTTCTGGAAGCTTCTCCAACATCGGAACTAATAGTGTATCCTGGTACCAACACCTCCCAGGAACAGCTCCCAAACTCCTCATCTATCACAATGGTCAACGAGCCTCAGGTGTCTCTGACCGATTCTCTGGCTCCAAGTCTGGCACGTCAGCCTCCCTGGCCATCAGTGCACTCCAGACCGAAGATGAGGCTGATTATTACTGCGCAACTTGGGATGATATGCTGAACGGTTACTTCTTCGGTGCTGGGACCCGACTCACCGTCCTA
41328-a.10,41328-a,41328,80,IGL,CAGGTGCAGCTGCAGCAGTGGGGTGAAGGACTGGTGAAGCCTTCGGAGACCCTGTCCCTCACCTGCGCTGTCTATGGTGGCTCCATTAGCGGTTACTACTTCTTGACTTGGATCCGCCAGGCCCCAGGGAAGGGGCTGGAGTGGATTGGGAATATTGCTGGAAATACTGCGAGCACCAACTACAGTCCCTCCCTCAAGAATCGAGTCACCATTTCAAAAGACACGTCCAAGAACCAGTTTTCCCTGAGGCTGACCTCTGTACTCGCCGCGGACACGGCCGTCTATTACTGCGCGAGAGGTTCTACGTATTATGAGGATGATGACGGTTACTATTATACCGAGCCGACATACCTCTTTTTGGGTTTCTGGGGCCAAGGGGTCGTCGTCACCGTCTCCTCA,CAGTCTGTGCTGACTCAGCCTCCCTCAGCGTCTGAGGCCGCCGGGAAGAGTATTGCCATCTCCTGTTCTGGAAGCTTCTCCAACATTAGACTTAATAGCGTATCCTGGTACCAGCAGCTCCCAGGAACACCCCCCAAACTCCTCATCTATTATAATGGTCAACGAGCCTCAGGTGTCTCTGCCCGATTCTCTGGCTCCAAGTCTGGCACGTCAGCCTCCCTGGCCACNNNTGGGCTCCAGACCGAGGATGAGGCTGATTATTACTGCGCAGCATGGGATGATAACCTGAACGGTTACATCTTCGGTTCTGGGACCCGGCTCACCGTCCTA
41328-a.11,41328-a,41328,80,,CAGGTGCAGCTGCAGCAGTGGGGTGAAGGACTGGTGAAGCCTTCGGAGACCCTGTCCCTCACCTGCGCTGTCTATGGTGGCTCCATTAGCGGTTACTACTTCTTGACTTGGATCCGCCAGGCCCCAGGGAAGGGGCTGGAGTGGATTGGGAATATTGCTGGAAATACTGCGAGCACCAACTACAGCCCCTCCCTCAAGAATCGAGTCACCATTTCAAAAGACACGTCCAAGAACCAGTTTTCCCTGAAGCTGACCTCTGTAATCGCCGCGGACACGGCCGTCTATTACTGCGCGAGAGGTTCTACGTATTATGAGGATGATGACGGTTACTATTATACCGAGCCGACATACCTCTTTTTGGGTTTCTGGGGCCAAGGGGTCGTCGTCACCGTCTCCTCA,
41328-a.12,41328-a,41328,80,IGL,CAGGTGCAGCTGCAGCAGTGGGGTGAAGGACTGGTGAAGCCTTCGGAGACCCTGTCCCTCAGTTGCGCTGTCTATGGTGGCTCCATCAGCGGTCACTACTACTGGAGCTGGATCCGGCAGGCCCCAGGGAAGGGACTGGAGTGGATTGGGAAGATTGATGCTAATAGTGCGAGCACCAATTACAACCCGTCCTTCAAGAATCGAGTCAGCATTTCGAAAGACACGTCCAAGAAGCAGTTTTATCTGAACCTGCATTCTGTGACGGCCGCGGACACGGCCGTGTATTACTGTGCGAGAGGTTCTATCTATTACGAGGATGATGACGGTTACTATTATAGCGAGGCGACATATCTCCATTTACATTTGTGGGGCCAAGGGGTCGTCGTCACCGTCTCCTCA,CAGTCTGTGCTGACTCAGCCTCCCTCAGCGTCTGAGGCCGCCAGGAAGAGGGTCTCCATCTCCTGTTCTGGAAGCTTCTCCAACATCGGAACTAATAGTGTATCCTGGTACCAACACCTCCCAGGAACAGCTCCCAAACTCCTCATCTATCACAATGGTCAACGAGCCTCAGGTGTCTCTGACCGATTCTCTGGCTCCAAGTCTGGCACGTCAGCCTCCCTGGCCATCAGTGCACTCCAGACCGAAGATGAGGCTGATTATTACTGCGCAACTTGGGATGATATGCTGAACGGTTACTTCTTCGGTGCTGGGACCCGACTCACCGTCCTA
41328-a.13,41328-a,41328,80,IGL,CAGGTGCAGCTGCAGCAGTGGGGTGAAGGACTGGTGAAGCCTTCGGAGACCCTGTCCCTCAGTTGCGCTGTCTATGGTGGCTCCATCAGCGGTCACTACTACTGGAGCTGGATCCGGCAGGCCCCAGGGAAGGGACTGGAGTGGATTGGGAAGATTGATGCTAATAGTGCGAGCACCAATTACAACCCGTCCTTCAAGAATCGAGTCAGCATTTCGAAAGACACGTCCAAGAAGCAGTTTTATCTGAACCTGCATTCTGTGACGGCCGCGGACACGGCCGTGTATTACTGTGCGAGAGGTTCTATCTATTACGAGGATGATGACGGTTACTATTATAGCGAGGCGACATATCTCCATTTACATTTGTGGGGCCAAGGGGTCGTCGTCACCGTCTCCTCA,CAGTCTGTGCTGACTCAGCCTCCCTCAGCGTCTGAGGCCGCCAGGAAGAGGGTCTCCATCTCCTGTTCTGGAAGCTTCTCCAACATCGGAACTAATAGTGTATCCTGGTACCAACACCTCCCAGGAACAGCTCCCAAACTCCTCATCTATCACAATGGTCAACGAGCCTCAGGTGTCTCTGACCGATTCTCTGGCTCCAAGTCTGGCACGTCAGCCTCCCTGGCCATCAGTGCACTCCAGACCGAAGATGAGGCTGATTATTACTGCGCAACTTGGGATGATATGCTGAACGGTTACTTCTTCGGTGCTGGGACCCGACTCACCGTCCTA
41328-a.14,41328-a,41328,80,IGL,CAGGTGCAGCTGCAACAGTGGGGTGAAGGACTGGTGAAGCCTTCGGAGACCCTGTCCCTCACCTGCGCTGTCTATGGTGGCTCCATCAGCGGTTATTACTACTGGACTTGGATCCGCCAGGCCCCAGGGAAGGGACTGGAATGGATTGGAAAAATTGATGGTAATACTGGGAGTGCCAATTACAATCCCTCCCTCAACAATCGCGTCTCCATTTCAAAAGACACGTCCAAGAAACAGTTTTCCCTGAGGCTTACCTCTGTGACCGCCGCGGACACGGCCGTGTATTACTGTGCGAGAGGTTCCACGTATTACGAGGATGGTGACGGTTATTATTATACCGAAGCGACATACCTCTTTTTGGGTTCCTGGGGCCAAGGGGTCCTCGTCACCGTCTCCTCA,CAGTCTGTGCTGACTCAGCCTCCCTCAGCGTCTGAGGCCGCCGGGAAGAGTGTCACCATCTCCTGTTCTGGAAGCTTCTCCAACATCAGACTTAATACTGTTTCCTGGTACCAGCAGCTCCCAGGAACAGCTCCCAAACTCCTCATTTATTATAGTTATCAACGAGCCTCAGGCGTCTCTGACCGATTCTCTGGCTCCAAGTCTGGCACGTCAGCCTCCCTGGCCATCAGTGGCCTCCAGACCGAGGATGAGGCTGATTACTACTGCGCAGCATGGGATGATAACCTGAACGGATATATCTTCGGTTCTGGGACCCGGCTCACCGTCCTA
41328-a.15,41328-a,41328,80,IGL,CAGGTGCAGCTGCAGCAGTGGGGTGAAGGACTGGTGAAGCCTTCGGAGACCCTGTCCCTCAGTTGCGCTGTCTATGGTGGCTCCATCAGCGGTCACTACTACTGGAGCTGGATCCGGCAGGCCCCAGGGAAGGGACTGGAGTGGATTGGGAAGATTGATGCTAATAGTGCGAGCACCAATTACAACCCGTCCTTCAAGAATCGAGTCAGCATTTCGAAAGACACGTCCAAGAAGCAGTTTTATCTGAACCTGCATTCTGTGACGGCCGCGGACACGGCCGTGTATTACTGTGCGAGAGGTTCTATCTATTACGAGGATGATGACGGTTACTATTATAGCGAGGCGACATATCTCCATTTACATTTGTGGGGCCAAGGGGTCGTCGTCACCGTCTCCTCA,CAGTCTGTGCTGACTCAGCCTCCCTCAGCGTCTGAGGCCGCCAGGAAGAGGGTCTCCATCTCCTGTTCTGGAAGCTTCTCCAACATCGGAACTAATAGTGTATCCTGGTACCAACACCTCCCAGGAACAGCTCCCAAACTCCTCATCTATCACAATGGTCAACGAGCCTCAGGTGTCTCTGACCGATTCTCTGGCTCCAAGTCTGGCACGTCAGCCTCCCTGGCCATCAGTGCACTCCAGACCGAAGATGAGGCTGATTATTACTGCGCAACTTGGGATGATATGCTGAACGGTTACTTCTTCGGTGCTGGGACCCGACTCACCGTCCTA
41328-a.16,41328-a,41328,80,IGL,CAGGTGCAGCTGCAGCAGTGGGGTGGAGGACTGGTGAAGCCTTCGGAGACCCTGTCCCTCAGTTGCGCTGTCTATGGTGGCTCCATCAGCGGTCACTTCTACTGGAGCTGGATCCGCCAGGCCCCAGGGAAGGGACTAGAGTGGATTGGGAAGATTGATGGTAATGGTGCGAGCACGAATTACAACCCCTCCTTCAAGAATCGAGTCACCATTTCAAAAGACACGTCCAAGAAGCAGATTTCTCTGAACCTGAGTTCTGTGACCGCCGCGGACACGGCCGTGTATTACTGTGCGAGAGGTTCTATCTTTTACGAGGATGATGACGGTTACTATTATACCGAAGCGACATACCTCCATTTACATTTGTGGGGCCAAGGGGTCGTCGTCACCGTCTCCTCA,CAGTCTGTGCTGACTCAGCCTCCCTCAGCGTCTGAGGCCGCCAGGAAGAGTGTCTCCATCTCATGTTCTGGCAGCTTCTCCAACATCCGACTTAATAGTGTATCCTGGTACCAGTTGGTCCCAGGAACAGCTCCCAAACTCCTCATCTATCACAATGGTCAACGAGCCTCAGGTGTCTCTGACCGATTCTCTGGCTCCAAGTCTGGCACGTCAGCCTCCCTGGCCATCAGTGGACTCCAGACCGAAGATGAGGCTGATTATTACTGCGCAAGTTGGGATGATAGGCTGAACGCTTACGTCTTCGGTCCTGGGACCCGGCTCACCGTCCTG
41328-a.17,41328-a,41328,80,IGL,CAGGTGCAGCTGCAACAGTGGGGTGAAGGACTGGTGAAGCCTTCGGAGACCCTGTCCCTCACCTGCGCTGTCTATGGTGGCTCCATCAGCGGTTATTACTACTGGACTTGGATCCGCCAGGCCCCAGGGAAGGGACTGGAATGGATTGGAAAAATTGATGGTAATACTGGGAGTGCCAATTACAATCCCTCCCTCAACAATCGCGTCTCCATTTCAAAAGACACGTCCAAGAAACAGTTTTCCCTGAGGCTTACCTCTGTGACCGCCGCGGACACGGCCGTGTATTACTGTGCGAGAGGTTCCACGTATTACGAGGATGGTGACGGTTATTATTATACCGAAGCGACATACCTCTTTTTGGGTTCCTGGGGCCAAGGGGTCCTCGTCACCGTCTCCTCA,CAGTCTGTGCTGACTCAGCCTCCCTCAGCGTCTGAGGCCGCCGGGAAGAGTGTCACCATCTCCTGTTCTGGAAGCTTCTCCAACATCAGACTTAATACTGTTTCCTGGTACCAGCAGCTCCCAGGAACAGCTCCCAAACTCCTCATTTATTATAGTTATCAACGAGCCTCAGGCGTCTCTGACCGATTCTCTGGCTCCAAGTCTGGCACGTCAGCCTCCCTGGCCATCAGTGGCCTCCAGACCGAGGATGAGGCTGATTACTACTGCGCAGCATGGGATGATAACCTGAACGGATATATCTTCGGTTCTGGGACCCGGCTCACCGTCCTA
41328-a.18,41328-a,41328,80,IGL,CAGGTGCAGCTGCAGCAGTGGGGTGGAGGACTGGTGAAGCCTTCGGAGACCCTGTCCCTCAGTTGCGCTGTCTATGGTGGCTCCATCAGCGGTCACTTCTACTGGAGCTGGATCCGCCAGGCCCCAGGGAAGGGACTAGAGTGGATTGGGAAGATTGATGGTAATGGTGCGAGCACGAATTACAACCCCTCCTTCAAGAATCGAGTCACCATTTCAAAAGACACGTCCAAGAAGCAGATTTCTCTGAACCTGAGTTCTGTGACCGCCGCGGACACGGCCGTGTATTACTGTGCGAGAGGTTCTATCTTTTACGAGGATGATGACGGTTACTATTATACCGAAGCGACATACCTCCATTTACATTTGTGGGGCCAAGGGGTCGTCGTCACCGTCTCCTCA,CAGTCTGTGCTGACTCAGCCTCCCTCAGCGTCTGAGGCCGCCAGGAAGAGTGTCTCCATCTCATGTTCTGGCAGCTTCTCCAACATCCGACTTAATAGTGTATCCTGGTACCAGTTGGTCCCAGGAACAGCTCCCAAACTCCTCATCTATCACAATGGTCAACGAGCCTCAGGTGTCTCTGACCGATTCTCTGGCTCCAAGTCTGGCACGTCAGCCTCCCTGGCCATCAGTGGACTCCAGACCGAAGATGAGGCTGATTATTACTGCGCAAGTTGGGATGATAGGCTGAACGCTTACGTCTTCGGTCCTGGGACCCGGCTCACCGTCCTG
41328-a.19,41328-a,41328,80,IGL,CAGGTGCAGCTGCAGCAGTGGGGTGGAGGACTGGTGAAGCCTTCGGAGACCCTGTCCCTCAGTTGCGCTGTCTATGGTGGCTCCATCAGCGGTCACTTCTACTGGAGCTGGATCCGCCAGGCCCCAGGGAAGGGACTAGAGTGGATTGGGAAGATTGATGGTAATGGTGCGAGCACGAATTACAACCCCTCCTTCAAGAATCGAGTCACCATTTCAAAAGACACGTCCAAGAAGCAGATTTCTCTGAACCTGAGTTCTGTGACCGCCGCGGACACGGCCGTGTATTACTGTGCGAGAGGTTCTATCTTTTACGAGGATGATGACGGTTACTATTATACCGAAGCGACATACCTCCATTTACATTTGTGGGGCCAAGGGGTCGTCGTCACCGTCTCCTCA,CAGTCTGTGCTGACTCAGCCTCCCTCAGCGTCTGAGGCCGCCAGGAAGAGTGTCTCCATCTCATGTTCTGGCAGCTTCTCCAACATCCGACTTAATAGTGTATCCTGGTACCAGTTGGTCCCAGGAACAGCTCCCAAACTCCTCATCTATCACAATGGTCAACGAGCCTCAGGTGTCTCTGACCGATTCTCTGGCTCCAAGTCTGGCACGTCAGCCTCCCTGGCCATCAGTGGACTCCAGACCGAAGATGAGGCTGATTATTACTGCGCAAGTTGGGATGATAGGCTGAACGCTTACGTCTTCGGTCCTGGGACCCGGCTCACCGTCCTG
41328-a.20,41328-a,41328,80,IGL,CAGGTGCAGCTGCAGCAGTGGGGTGAAGGACTGGTGAAGCCTTCGGCGACCCTGTCCCTCACCTGCGCTGTCTATGGTGGCTCCATCAACGGTTATTACTACTGGAGTTGGATCCGCAGGGCCCCAGGGAAGGGACTGGAGTGGATTGGGAAAATTGATGGTAATAGTGGGAGCACCAACTACAATCCCTCCCTCAAGAATCGCGTCACCATTTCAAAAGACACGTCCAAGAAACAGTTTTCCCTGAGGCTGACCTCTGTGACCGCCGCGGACACGGCCGTGTATTATTGTGCGAGAGGTTCCACGTATTACGAGGATGGTGACGGTTACTATTACACCGAAGCGACATACCTCTTTTTGGGTTCCTGGGGCCAAGGGGTCGTCGTCACCGTCTCCTCA,CAGTCTGTGCTGACTCAGCCTCCCTCAGCGTCTGAGGCCGCCTGGAAGAGTGTCACCATCTCCTGTTCTGGAAGCTTCTCCAACATCGGAGTTAATACTGTTTCCTGGTACCAGCAGCTCCCAGGAACAGCTCCCAAACTCCTCATCTATTATAGTTATCAACGAGCCTCAGGCGTCTCTGACCGATTCTCTGGGTCCAAGTCTGGCACGTCAGCCTCCCTGGCCATCAGTGGGCTCCAGACCGAGGATGAGGCTGATTACTACTGCGCAGCATGGGATGATAACCTGAACGGATACATCTTCGGTGCTGGGACCCGGCTCACCGTCCTA
41328-a.21,41328-a,41328,80,IGL,CAGGTGCAGCTGCAACAGTGGGGTGAAGGACTGGTGAAGCCTTCGGAGACCCTGTCCCTCACCTGCGCTGTCTATGGTGGCTCCATCAGCGGTTATTACTACTGGACTTGGATCCGCCAGGCCCCAGGGAAGGGACTGGACTGGATTGGGAAAATTGATGGTAATACTGGGACCACCAATTACAATCCCTCCCTCAACAATCGCGTCACCATTTCAAAAGACACCTCCAAGAGACAGTTTTCCCTGAGACTGAGCTCTGTGACCGCCGCGGACACGGCCGTGTATTACTGTGCGAGAGGTTCCACGTATTACGAGGATGGTGACGGTTATTATTATACCGAAGCGACATACCTGTTTTTGGGTTCCTGGGGCCAAGGGGTCGTCGTCCCCGTCTCCTCA,CAGTCTGTGCTGACTCAGCCTCCCTCAGCGTCTGAGGCCGCCGGGAAGAGTGTCACCATCTCCTGTTCTGGAAGCTTCTCCAACATCAGACTTAATACTGTTTCCTGGTACCAGCAGTTCCCAGGAACAGCTCCCAAACTCCTCATTTATTATAGTTATCAACGAGCCTCAGGCGTCTCTGACCGATTCTCTGGCTCCAAGTCTGGCACGTCAGCCTCCCTGGCCATCAGTGGCCTCCAGACCGAGGATGAGGCTGATTACTACTGCGCAGCATGGGATGATAACCTGAACGGATATATCTTCGGTGCTGGGACCCGGCTCACCGTCCTA
41328-a.22,41328-a,41328,80,IGL,CAGGTGCAGCTGCAGCAGTGGGGTGAAGGACTGGTGAAGCCTTCGGAGACCCTGTCCCTCAGTTGCGCTGTCTATGGTGGCTCCATCAGCGGTCACTACTACTGGAGCTGGATCCGGCAGGCCCCAGGGAAGGGACTGGAGTGGATTGGGAAGATTGATGCTAATAGTGCGAGCACCAATTACAACCCGTCCTTCAAGAATCGAGTCAGCATTTCGAAAGACACGTCCAAGAAGCAGTTTTATCTGAACCTGCATTCTGTGACGGCCGCGGACACGGCCGTGTATTACTGTGCGAGAGGTTCTATCTATTACGAGGATGATGACGGTTACTATTATAGCGAGGCGACATATCTCCATTTACATTTGTGGGGCCAAGGGGTCGTCGTCACCGTCTCCTCA,CAGTCTGTGCTGACTCAGCCTCCCTCAGCGTCTGAGGCCGCCAGGAAGAGGGTCTCCATCTCCTGTTCTGGAAGCTTCTCCAACATCGGAACTAATAGTGTATCCTGGTACCAACACCTCCCAGGAACAGCTCCCAAACTCCTCATCTATCACAATGGTCAACGAGCCTCAGGTGTCTCTGACCGATTCTCTGGCTCCAAGTCTGGCACGTCAGCCTCCCTGGCCATCAGTGCACTCCAGACCGAAGATGAGGCTGATTATTACTGCGCAACTTGGGATGATATGCTGAACGGTTACTTCTTCGGTGCTGGGACCCGACTCACCGTCCTA
41328-a.23,41328-a,41328,80,IGL,CAGGTGCAGCTGCAACAGTGGGGTGAAGGACTGGTGAAGCCTTCGGAGACCCTGTCCCTCACCTGCGCTGTCTATGGTGGCTCCATCAGCGGTTATTACTACTGGACTTGGATCCGCCAGGCCCCAGGGAAGGGACTGGAATGGATTGGAAAAATTGATGGTAATACTGGGAGTGCCAATTACAATCCCTCCCTCAACAATCGCGTCTCCATTTCAAAAGACACGTCCAAGAAACAGTTTTCCCTGAGGCTTACCTCTGTGACCGCCGCGGACACGGCCGTGTATTACTGTGCGAGAGGTTCCACGTATTACGAGGATGGTGACGGTTATTATTATACCGAAGCGACATACCTCTTTTTGGGTTCCTGGGGCCAAGGGGTCCTCGTCACCGTCTCCTCA,CAGTCTGTGCTGACTCAGCCTCCCTCAGCGTCTGAGGCCGCCGGGAAGAGTGTCACCATCTCCTGTTCTGGAAGCTTCTCCAACATCAGACTTAATACTGTTTCCTGGTACCAGCAGCTCCCAGGAACAGCTCCCAAACTCCTCATTTATTATAGTTATCAACGAGCCTCAGGCGTCTCTGACCGATTCTCTGGCTCCAAGTCTGGCACGTCAGCCTCCCTGGCCATCAGTGGCCTCCAGACCGAGGATGAGGCTGATTACTACTGCGCAGCATGGGATGATAACCTGAACGGATATATCTTCGGTTCTGGGACCCGGCTCACCGTCCTA
41328-a.24,41328-a,41328,80,IGL,CAGGTGCAGCTGCAGCAGTGGGGTGAAGGACTGGTGAAGCCTTCGGAGACCCTGTCCCTCAGTTGCGCTGTCTATGGTGGCTCCATCAGCGGTCACTACTACTGGAGCTGGATCCGGCAGGCCCCAGGGAAGGGACTGGAGTGGATTGGGAAGATTGATGCTAATAGTGCGAGCACCAATTACAACCCGTCCTTCAAGAATCGAGTCAGCATTTCGAAAGACACGTCCAAGAAGCAGTTTTATCTGAACCTGCATTCTGTGACGGCCGCGGACACGGCCGTGTATTACTGTGCGAGAGGTTCTATCTATTACGAGGATGATGACGGTTACTATTATAGCGAGGCGACATATCTCCATTTACATTTGTGGGGCCAAGGGGTCGTCGTCACCGTCTCCTCA,CAGTCTGTGCTGACTCAGCCTCCCTCAGCGTCTGAGGCCGCCAGGAAGAGGGTCTCCATCTCCTGTTCTGGAAGCTTCTCCAACATCGGAACTAATAGTGTATCCTGGTACCAACACCTCCCAGGAACAGCTCCCAAACTCCTCATCTATCACAATGGTCAACGAGCCTCAGGTGTCTCTGACCGATTCTCTGGCTCCAAGTCTGGCACGTCAGCCTCCCTGGCCATCAGTGCACTCCAGACCGAAGATGAGGCTGATTATTACTGCGCAACTTGGGATGATATGCTGAACGGTTACTTCTTCGGTGCTGGGACCCGACTCACCGTCCTA
41328-a.25,41328-a,41328,80,IGL,CAGGTGCAGCTGCAGCAGTGGGGTGAAGGACTGGTGAAGCCTTCGGAGACCCTGTCCCTCAGTTGCGCTGTCTATGGTGGCTCCATCAGCGGTCACTACTACTGGAGCTGGATCCGGCAGGCCCCAGGGAAGGGACTGGAGTGGATTGGGAAGATTGATGCTAATAGTGCGAGCACCAATTACAACCCGTCCTTCAAGAATCGAGTCAGCATTTCGAAAGACACGTCCAAGAAGCAGTTTTATCTGAACCTGCATTCTGTGACGGCCGCGGACACGGCCGTGTATTACTGTGCGAGAGGTTCTATCTATTACGAGGATGATGACGGTTACTATTATAGCGAGGCGACATATCTCCATTTACATTTGTGGGGCCAAGGGGTCGTCGTCACCGTCTCCTCA,CAGTCTGTGCTGACTCAGCCTCCCTCAGCGTCTGAGGCCGCCAGGAAGAGGGTCTCCATCTCCTGTTCTGGAAGCTTCTCCAACATCGGAACTAATAGTGTATCCTGGTACCAACACCTCCCAGGAACAGCTCCCAAACTCCTCATCTATCACAATGGTCAACGAGCCTCAGGTGTCTCTGACCGATTCTCTGGCTCCAAGTCTGGCACGTCAGCCTCCCTGGCCATCAGTGCACTCCAGACCGAAGATGAGGCTGATTATTACTGCGCAACTTGGGATGATATGCTGAACGGTTACTTCTTCGGTGCTGGGACCCGACTCACCGTCCTA
41328-a.26,41328-a,41328,80,IGL,CAGGTGCAGCTGCAACAGTGGGGTGAAGGACTGGTGAAGCCTTCGGAGACCCTGTCCCTCACCTGCGCTGTCTATGGTGGCTCCATCAGCGGTTATTACTACTGGACTTGGATCCGCCAGGCCCCAGGGAAGGGACTGGAGTGGATTGGGAAAATTGATGGTAATACTGGGAGCACCAATTACAATCCCTCCCTCAACAATCGCGTCACCATTTCAAAAGACACGTCCAAGAAACAGTTTTCCCTGAGGCTGAGCTCTGTGACCGCCGCGGACACGGCCGTGTATTACTGTGCGAGAGGTTCCACGTATTACGAGGATGGTGACGGTTATTATTATACCGAAGCGACATACCTGTTTTTGGGTTCCTGGGGCCAAGGGGTCCTCGTCACCGTCTCCTCA,CAGTCTGTGCTGACTCAGCCTCCCTCAGCGTCTGAGGCCGCCGGGAAGAGTGTCACCATCTCCTGTTCTGGAAGCTTCTCCAACATCAGACTTAATACTGTTTCCTGGTACCAGCAGCTCCCAGGAACAGCTCCCAAACTCCTCATTTATTATAGTTATCAACGAGCCTCAGGCGTCTCTGACCGATTCTCTGGCTCCAAGTCTGGCACGTCAGCCTCCCTGGCCATCAGTGGCCTCCAGACCGAGGATGAGGCTGATTACTACTGCGCAGCATGGGATGATAACCTGAACGGATATATCTTCGGTGCTGGGACCCGGCTCACCGTCCTA
41328-a.27,41328-a,41328,80,IGL,CAGGTGCAGCTGCAGCAGTGGGGTGAAGGACTGGTGAAGCCTTCGGAGACCCTGTCCCTCAGTTGCGCTGTCTATGGTGGCTCCATCAGCGGTCACTACTACTGGAGCTGGATCCGGCAGGCCCCAGGGAAGGGACTGGAGTGGATTGGGAAGATTGATGCTAATAGTGCGAGCACCAATTACAACCCGTCCTTCAAGAATCGAGTCAGCATTTCGAAAGACACGTCCAAGAAGCAGTTTTATCTGAACCTGCATTCTGTGACGGCCGCGGACACGGCCGTGTATTACTGTGCGAGAGGTTCTATCTATTACGAGGATGATGACGGTTACTATTATAGCGAGGCGACATATCTCCATTTACATTTGTGGGGCCAAGGGGTCGTCGTCACCGTCTCCTCA,CAGTCTGTGCTGACTCAGCCTCCCTCAGCGTCTGAGGCCGCCAGGAAGAGGGTCTCCATCTCCTGTTCTGGAAGCTTCTCCAACATCGGAACTAATAGTGTATCCTGGTACCAACACCTCCCAGGAACAGCTCCCAAACTCCTCATCTATCACAATGGTCAACGAGCCTCAGGTGTCTCTGACCGATTCTCTGGCTCCAAGTCTGGCACGTCAGCCTCCCTGGCCATCAGTGCACTCCAGACCGAAGATGAGGCTGATTATTACTGCGCAACTTGGGATGATATGCTGAACGGTTACTTCTTCGGTGCTGGGACCCGACTCACCGTCCTA
42056-a.01,42056-a,42056,112,IGK,CAGGTGCAGCTGCAGGAGTCGGGCCCAGGAATGGTGAAGCCTTCGGAAACCCTGACCCTCACCTGCGCTGTTTTTGGTGGCAGAGTCACCAGTGGTGACTCCTTCTGGACCTGGATCCGCCAGTCTCCAACCAAGGGACTGGAGTGGCTTGCGGGGATCTCTGGTGATGCTGACAATCCCACCTATAACCCCTCCCTCAAGAGCCGACTCACGATTTCAAAAGACCCCTCCAAGAACCAGGTCTCCCTAAAGGTGACGTCTGTGACCGCCACGGACACGGCCGTCTATTACTGCGCGAGAGAGAAACAGTATTATTTTGACGATTATTACTCCGTCGAAAGCGGCCGGGTCGGTATGGATTCCTGGGGCCAAGGGGTCGCCGTCATCGTCTCCTCA,GATATTGTGATGACCCAGACTCCAATCTCCCTGCCCGTCAGCCTTGGAGAGTCGGCCACCATTTCCTGCAGGTCGAGTCGGAGCCTCGTGGACAGACAGGATGGAAAAACCTATTTAGAATGGTACTTTCAGAAGCCAGGCCAGTCTCCACAGCTCCTGATTTATGAAGTTGCCAACCGGGCCTCTGGAGTCCCAGACAGGTTCAGGGGCAGTGGGTCAGACACTGATTTCACACTGAAAATCAGCCGAGTGGAGGCTGACGATGTTGCCATTTATTACTGCATGCAATCTCTAGATCCTCCTCACACCTTTGGCCAGGGGACCAAAGTGGAGATCAGA
42056-a.02,42056-a,42056,112,IGK,CAGGTGCAGCTGCAGGAGTCGGGCCCAGGAATGGTGAAGCCTTCGGAAACCCTGTCCCTCACCTGCGCTGTTTTTGGTGGCAGCGTCACCAGTGGTGACTCCTTCTGGACCTGGATCCGCCAGTCTCGAATCAAGGGGCTGGAATGGCTTGCGGGGATATCTGGTGACGCTGACAATCCCACCTACAACCCCTCCCTCAAGGGCCGGGTTACGATTTCAAAAGACCCGTCCAAGAATCAGGTCTCCCTAAAGGTGACGTCTGTGACCGCCACGGACACGGCCGTCTATTTTTGCGCGAGAGAGAAACAATTTTATTTTGACGATTATTATTCCGGCGTCGAAAGCGGCCGGGTCGGTTTGGATTCCTGGGGCCAAGGGGTCGCCGTCATCGTCTCCTCA,GATATTGTGATGACCCAGACTCCAATCTCCCTGCCCGTCAGCCTTGGAGAGCCGGCCTCCATCTCCTGCAGGTCGAGTCAGAGCCTCTTGGACAGACAGGATGGAAAAACCTATTTAGAATGGTACTTTCAGAAGCCAGGCCAGTCTCCACAGCTCCTGATTTATGAAGTTTCCACCCGGGCCTCTGGAGTCCCAGACAGGTTCAGGGGCAGTGGGTCAGACACTCTTTTCACACTGAAAATCAGCCGAGTGGAGGCTGAGGATGTTGGCATTTATTACTGCATGCAATCTCTAGATCCTCCTCACACTTTTGGCCAGGGGACCAAAGTGGAGATCAGA
42056-a.03,42056-a,42056,112,IGK,CAGGTGCAGCTGCAGGAGTCGGGCCCAGGAATGGTGAAGCCTTCGGAAACCCTGTCCCTCACCTGCGCTGTTTTTGGTGGAAGGGTCACCAGTGGTGACTCCTTCTGGACCTGGATCCGCCAGTCTCGAACCAAGGGGCTGGAGTGGCTTGCGGGGATATCTGGTGACGCTGACAATCCCACCTACAACCCCTCCCTCAAGGGCCGGGCTTCGATTTCAAAAGACCCGTCCAAGAATCAGGTCTCCCTAAAGTTGACGTCTGTGACCGCCACGGACACGGCCGTCTATTTTTGCGCGAGAGAGAAGCAATTTTATTTTGATGACTATTACTCCGGCGTCGAAAGCGGCCGTCTCGGTTTGGATTCCTGGGGCCAAGGGGTCGCCGTCATCGTCTCCTCA,GATATTGTGATGACCCAGACTCCAATCTCCCTGCCCGTCAGCCTTGGAGAGCCGGCCTCCATCTCCTGCAGGTCGAGTCAGACCCTCGTGGACAGACAGGATGGAAAAACCTATCTAGAATGGTACTTTCAGAGGCCAGGCCAGTCTCCACAGCTCCTGATTTATGAGGTTTCCAACCGGGCCTCTGGAGTCCCAGACAGGTTCAGGGGCAGTGGGTCAGACACTCTTTTCACACTGAAAATCAGCCGAGTGGAGGCTGAGGATGTTGGCATTTATTACTGCATGCAATCTTTAGATCCTCCTCACACTTTTGGCCAGGGGACCAAAGTGGAGATCAGA
42056-b.01,42056-b,42056,112,IGL,CAGGTGCAGCTGCAGGAGTCGGGCCCAGGAGTTGTGAAGCCTTCGGAGACCCTGTCCCTCACGTGCGCTGTCTCTGGTGACACCGTCAATGTTGGTTACTTTTTCTGGAGTTGGAATCGCCAGTCCCGGGGGAAGGGCCTGGAGTGGATGGGAGGGATCTATAGTCATAGTGAGACTACCAACTACAACCCCTTCCTGAAGAGTCGTGTCACCATTTCAAAGGACACGTCCAAGAACCAGGTCTCCCTAAAATTGACCTCTGTCACCGCCACGGACACGGCCGTTTATTTTTGTTCGAGACACGCCCCATTCGACCTCCCGTTTACCGATGATGATTACGCTGAGTTTTATCCGGGGGAACGGTCACTGGATGTCTGGGGCCGGGGAATTCTGGTCACCGTCTCCTCA,CAGTTTGTGCTGACTCAGCCACCCTCAGCGTCTGGGGCTCCCGGACAGAGTGTCACCATCTCCTGTTCTGGAGGCAGCTCCAACGTTGGAAGTAGTGGTGTTTATTGGTATCAGCAGTTCCCAGGAACGGCCCCCAAACTCCTCGTCTATTACAATAATCAGCGACCCTCCGGGGTCCCTGACCGATTCTCTGGCTCCAAGTCTGGCACGTCAGCCTCCCTGGCCATCACTGGTCTCCGGTCTGAGGATGAGGCTGATTATTTCTGTGCAGCATGGGATAACGGCCTGAACGCTCGGCTATTCGGCGGAGGGACCCGGCTGACCGTCCTA
44715-a.01,44715-a,44715,162,IGK,GAGGTGCAGGTGGTGGAGTCGGGGGGAGGCTTGGTCCAGCCGGGGGGGTCCCTGAGGCTCTCCTGTGCAGCCTCTGGATTCACCTTCAGTCATGTCTGGATGAACTGGGTTCGCCAGGCTCCAGGGAAGGGGCTAGAGTGGGTTGCCCGCATTAAAACCAAAGGTGAGGGAGGAGCACATTACGCCGCGTCTGTGAAAGACAGATTCTCCGTCTCAAGAGACGAAGCAAAGAACACAGCATATCTGCAAATGAACAGCCTGAAAATCGAGGACACGGCCGTGTATCACTGCAAGGTAGATGGGTCCATAGTCGTGGATGAGGGCTTTGACTATTACATCGATGCTATTGAGAAGGGATTCGTTGTCTGGGGCCCGGGAGTCCAGGTCACCGTCTCCTCA,GATGTTGTGATGACCCAGTCTCCGCTCTCCCTGTCCATCACCCCTGGACAGCCGGCCTCCATCTCCTGCAGGTCTATTCAAAGCCTTTTAGACAGCAATGGAAAGACATTCTTGAGTTGGTATCAGCAGAAGCCAGGCCGACCTCCAAGGCGCCTAATTTATGAGGTTTCTAACCGGGACTCTGGGGTCCCAGACAGAATCAGCGGCAGTGGGGCAGGGACAGATTTCACCCTGAAGATCAGCAGAGTGGAGGCTGAGGATGTTGGGATTTATTACTGCGGACAAGATTCATTTTTTCCTTTCACTTTCGGCCCCGGGACCAAACTGGATATCAAA
44715-a.02,44715-a,44715,162,IGK,GAGGTGCAGCTGGTGGAGTCTGGGGGAGGCTTGGTCCAGCCTGGGGGGTCCCTGAGGCTCTCTTGTTCAGCCACTGGATTCACCTTCAGTCGCGTCTGGATGCACTGGGTCCGCCAGGCTCCAGGGAAGGGGCTAGAGTGGGTTGCCCGCATTAAAACCAAAGAAGATGGTGGAATACCCGATTACGCCGCGTCTGTGAAAGGCAGATTCACCATCTCAAGAGACGATTCAAAGAGTACACTGTATCTGGCAATGAACAGCCTGACAACCGAGGACACGGCCCTGTACTATTGTACCGCAGATGTGGTCATTGTCGAGGATGAGGGCTTTTACTATTATATCGAGGCGACTGAGGGCCGGCTCGATCTCTGGGGCCCGGGAGTCCTGGTCACCGTCTCCGCA,GATGTTGTGATGACCCAGTCTCCACTCTCCCTGCCCATCACCCCTGGACAGCCGGCCTCCATGTCCTGCAGGTCTAGTCAAAGCCTTGTACACAGCAATGGAAACACATACTTGAGTTGGTATCAACAGAAGCCAGGCCAACCTCCACGGCGCCTAATTTATGAGGTTTCTAATCGGGACTCTGGGGTCCCAGACAGATTCAGCGGCAGTGGGGCAGGGACAGATTTCACACTGAAAATCAGCAGAGTGGAGGCTGAGGATGTTGGGGTTTATTACTGCGCCCAACTTACACACCTTCCTCAATTCACTTTCGGCCCCGGGACCAAACTGGATATCAAA
44715-a.03,44715-a,44715,162,IGK,GAGGTGCAGCTGGTGGAGTCTGGGGGAGGCTTGGTCCAGCCTGGGGGGTCCCTGAGGCTCTCCTGTGCAGCCTCTGGATTCACCTTCAGTCACGTCTGGATGCACTGGGTCCGCCAGGCTCCAGGAAAGGGGCTAGAGTGGATTGCCCGTATTAAAACCAAAGCTGATGGTGGAACACCGGATTACGCCGCGTCTGTGAAAGGCAGATTCACGATCTCAAGAGACGATTCAAAGAACACACTGTTTCTGGAAATGAACAGCCTGAAAACCGAGGACACGGCCGTTTACTATTGTATCGCAGATGTGGTCATTGTCGAGGATGAGGGCTTTTACTATTATATCGAGGCGACTGAGGGACGGCTCGAAGTCTGGGGCCCGGGAGTCCTGGTCATCGTCTCCGCA,GATGTTGTGATGACTCAGTCTCCACTCTCCCTGCCCATCACCCCTGGACAGCCGGCCTCCATCTCCTGCAGGTCTAGTCAAAGCCTTGTACACAGTGATGGAAACACATATTTGAGTTGGTATCAGCAGAAGCCAGGCCAACCTCCGAGGCGCCTGATTTATGAGGTTTCTAACCGGGACTCTGGGGTCCCAGACAGATTCAGCGGCAGTGGGGCAGGGACAGATTTCACACTGAAAATCAGCAGAGTGGAGGCTGAGGATGTTGGGGTTTATTACTGCGCCCAACTTACACACCTTCCTCAGTTCACTTTCGGCCCCGGGACCAAACTGGATATCAA
44715-a.04,44715-a,44715,162,IGK,GAGGTGCAGCTGGTGGAGTCTGGGGGAGGCTTGGTCCAGCCTGGGGGGTCCCTGAGGCTCTCCTGTGTAGCCTCTGGATTCACCTTCAGTGACGTCTGGATGCACTGGGTCCGCCAGGCTCCAGGGAAGGGGCTAGAGTGGGTCGCCCGTATTAAAACCAAAGCTGATGGTGGAACACCGGATTACGCCGCGTCTGTGAAAGGCAGATTCACCATGTCAAGAGACGATTCAAAGAGTACACTGTATCTGGAAATGAACAGCCTGAAAACCGAGGACACGGCCGTTTACTATTGTACCGCAGATGTGGTCATTGTCGAGGATGAGGGGTTTTACTATTATATTGCGGCGACTGAGGGCCGGCGCGATGTCTGGGGCCCGGGAGTCCTGGTCACCGTCTCCGCA,GATGTTGTGATGACCCAGTCTCCACTCTCCCTGCCCATCACCCCTGGACAGCCGGCCTCCATCTCCTGCAGGTCTAGTCAAAGCCTTGTACACAGCAATGGAAACACATACTTGAGTTGGTATCAGCAGAAGCCAGGCCAACCTCCACGGCGCCTAATTTATGAGGTTTCTAACCGGGACTCTGGGGTCCCAGACAGATTCAGCGGCAGTGGGGCAGGGACAGATTTCACACTGAAAATCAGCAGAGTGGAGGCTGAGGATGTTGGACTTTATTACTGCGCCCAACTTACACACCTTCCTCAATTCAGTTTCGGCCCCGGGACCAAACTGGATATCAAA
44715-a.05,44715-a,44715,162,IGK,GAGGTGCAGCTGGTGGAGTCTGGGGGAGGCTTGGTCCAGCCTGGGGGGTCCCTGAGGCTCTCCTGTGTAGCCTCTGGATTCACCTTCAGTGACGTCTGGATGCACTGGGTCCGCCAGGCTCCAGGGAAGGGGCTAGAGTGGGTCGCCCGTATTAAAACCAAAGCTGATGGCGGAACACCGGATTACGCCGCGTCTGTGAAAGGCAGATTCACCATGTCAAGAGACGACTCAAAGAGTACACTGTATCTGGAAATGAACAGCCTGAAAACCGAGGACACGGCCGTTTACTATTGTACCGCAGATGTGGTCATTGTCGAGGATGAGGGGTTTTACTATTATATTGCGGCGACTGAGGGCCGGCGCGATGTCTGGGGCCCGGGAGTCCTGGTCACCGTCTCCGCA,GATGTTGTGATGACCCAGTCTCCACTCTCCCTGCCCATCACCCCTGGACAGCCGGCCTCCATCTCCTGCAGGTCTAGTCAAAGCCTTGTCCACAGCAATGGAAACACATACTTGAGTTGGTATCAGCAGAAGCCAGGCCAACCTCCACGGCGCCTAATTTATGAGGTTTCTAACCGGGACTCTGGGGTCCCAGACAGATTCAGCGGCAGTGGGGCAGGGACAGATTTCACACTGAAAATCAGCAGAGTGGAGGCTGAGGATGTTGGACGTTATTACTGCGCCCAACTTACACACCTTCCTCAATTCAGTTTCGGCCCCGGGACCAAACTGGATATCAAA
44715-a.06,44715-a,44715,162,IGK,GAGGTGCAGCTGGTGGAGTCTGGGGGAGGCTTGGTCCAGCCGGGGGGGTCCCTGAGGCTCTCCTGTGTAGCCTCTGGATTCACCTTCAGTGACGTCTGGATGCACTGGGTCCGCCAGGCTCCAGGGAAGGGGCTAGAGTGGGTCGCCCGTATTAAAACCAAAGCTGATGGTGGAACACCGGATTACGCCGCGTCTGTGAAAGGCAGATTCACCATGTCAAGAGACGATTCAAAGAGTACACTGTATCTGGAAATGAACAGCCTGAAAACCGAGGACACGGCCGTTTACTATTGTACCGCAGATGTGGTCATTGTCGAGGATGAGGGGTTTTACTATTATATTGCGGCGACTGAGGGCCGGCGCGATGTCTGGGGCCCGGGAGTCCTGGTCACCGTCTCCGCA,GATGTTGTGATGACCCAGTCTCCACTCTCCCTGCCCATCACCCCTGGACAGCCGGCCTCCATCTCCTGCAGGTCTAGTCAAAGCCTTGTACACAGCAATGGAAACACATACTTGAGTTGGTATCAGCAGAAGCCAGGCCAACCTCCACGGCGCCTAATTTATGAGGTTTCTAACCGGGACTCTGGGGTCCCAGACAGATTCAGCGGCAGTGGGGCAGGGACAGATTTCACACTGAAATTCAGCAGAGTGGAGGCTGAGGATGTTGGACTTTATTACTGCGCCCAACTTACACACCTTCCTCAATTCAGTTTCGGCCCCGGGACCAAACTGGATATCAAA
44715-a.07,44715-a,44715,162,IGK,GAGGTGCAGCTGGTGGAGTCTGGGGGAGGCTTGGTCCAGCCTGGGGGGTCCCTGAGGCTCTCCTGTGCAGCCTCTGGATTCACCTTCAGTCACGTCTGGATGCACTGGGTCCGCCAGGCTCCAGGGAAGGGGCTAGAGTGGATTGCCCGTATTAAAACCAAGGCTGATGGTGGAACACCGGATTACGCCGCGTCTGTGAAGGGCAGATTCACCATCTCAAGAGACGATTCAAAGAGCACGTTGTTTCTGGAAATGAACAGCCTGAAAACCGAGGACACGGCCGTTTACTATTGTACCGCAGATGTGGTCATTGTCGAGGATGAGGGCTTTTACTATTATATCGAGGCGACTGAGAGCCGGCTCGATCTCTGGGGCCCGGGAGTCCTGGTCACCGTCTCCGCA,GATGTTGTGATGACTCAGTCTCCGCTCTCCCTGCCCATCACCCCTGGACAGCCGGCCTCCATCTCCTGCAGGTCTAGTCAAAGCCTTGTACATAGCGATGGAAACACATACTTGAGTTGGTATCAGCAGAAGCCAGGCCAACCTCCAAGGCGCCTACTTTATGGGGTTTCTAACCGGGATTCTGGGGTCCCAGACAGATTCAGCGGCAGTGGGGCAGGGACAGATTTCACACTGAAAATCAGCAGAGTGGAGGCTGAGGATGTTGGGCTTTATTACTGCGCCCAACTTACACACCTTCCTCAATTCACTTTCGGCCCCGGGACCAAACTGGACATCAAA
44715-a.08,44715-a,44715,162,IGK,GAGGTGCAGGTGGTGGAGTCTGGGGGAGGCTTGGTCCAGCCGGGGGGGTCCCTGAGGCTCTCCTGTGCAGCCTCTGGATTCACCTTCAGTACCGTCTGGATGAACTGGGTCCGCCAGGCTCCAGGGAAGGGGCTAGAGTGGGTTGCCCGTATTAAAGACAAAGCTGATGGTGAAAGACAAGATTACTCCGCGTCTGTGAAAGGCAGATTCAGCATCTCGAGAGACGATTCAAAGAATACCTTATTTCTGCAAATAAACGGCCTGAAAACCGAGGACACGGCCGTATATTATTGCACCACATATGGGTCCATGTACGTGGGTGATTACGATTATTATTACAACGAGAGGGAAATGACGCGGTTCGATGTCTGGGGCCCGGGAGTCCTGGTCACCGTCTCCTCA,GATGTTGTGATGACCCAGTCTCCCCTCTCCCTGCCCATCACCCCTGGACAGCCGGCCTCCATCTCCTGCAGGTCTAGTCAAAGCCTTCTTCACAGCAATGGAAACACTTACTTGAGCTGGTATCAGCAGAGGCCAGGCCAACCTCCAAGGCGCCTAATTTATGAGGTTTCTAACCGGGACTCTGGCGTCCCAGACAGATTCAGCGGCAGTGGGGCAGGGACAGATTTCACACTGAAAATCAGCAGAGTGGAGGCTGAGGATGTAGGGGTATATTATTGCGGACAACATACATATAATCCTCCATTCAGTTTCGGGCCCGGGACCAAACTGGATATCAAA
44715-a.09,44715-a,44715,162,IGK,GAGGTGCAGCTGGTGGAGTCTGGGGGAGGCTTGGTCCAGCCGGGGGGGTCCCTGAGGCTCTCCTGTGCAGCCTCTGGATTCACCTTCAGTGACGTCTGGATGAACTGGGTCCGCCAGGCTCCAGGGAAGGGGCTAGAGTGGGTTGCCCGTATTAAAGACAAAGGTGATGGTGAAACACCAGATTACTCCGCGTCTGTGAAAGGCAGATTCATCATTTCAAGAGACGATTCAAAGAACACACTATTTCTGCACATGAACGGCCTGAAAACCGAGGACACGGCCGTATATTATTGCTCCACATATGGGTCCATGTACGTCGGTGATTACGATTACTACTACAACGAGAGGGAAATGACGCGCTTCGATGTCTGGGGCCCGGGAGTCCTGGTCACCGTCTCCTCA,GATGTTGTGATGACTCAGTCTCCACTCTCCCTGCCCATCACCCCTGGACAGCCGGCCTCCATCTCCTGCAGGTCTAGTCAAAGCCTTCTACACAGCAATGGAAACACTTACTTGACCTGGTATCAACAGAGGCCAGGCCAACCTCCAAGGCGCCTACTTTATGAGGTTTCTAACCGGGACTCTGGCGTCCCAGACAGATTCAGCGGCAGTGGGGCAGGGACAAATTTCACATTGAAAATCAGCAGAGTGGAGGCTGAGGATGTGGGAGTTTATTACTGCGCGCAACATACATATAATCCTCCATTCACTTTCGGGCCCGGGACCAAACTGGATATCAAA
44715-a.10,44715-a,44715,162,IGK,GAGGTGCAGGTGGTGGAGTCGGGGGGAGGCTTGGTCCAGCCGGGGGGGTCCCTGAGGCTCTCCTGTGCAGCCTCTGGATTCACCTTCAGTCATGTCTGGATGAACTGGGTTCGCCAGGCTCCAGGGAAGGGGCTAGAGTGGGTTGCCCGCATTAAAACCAAAGGTGAGGGAGGAGCACATTACGCCGCGTCTGTGAAAGACAGATTCTCCGTCTCAAGAGACGAAGCAAAGAACACAGCATATCTGCAAATGAACAGCCTGAAAATCGAGGACACGGCCGTGTATCACTGCAAGGTAGATGGGTCCATAGTCGTGGATGAGGGCTTTGACTATTACATCGATGCTATTGAGAAGGGATTCGTTGTCTGGGGCCCGGGAGTCCAGGTCACCGTCTCCTCA,GATGTTGTGATGACTCAGTCTCCGCTCTCCCTGTCCATCACCCCTGGACAGCCGGCCTCCATCTCCTGCAGGTCTATTCAAAGCCTTTTAGACAGCAATGGAAAGACATTCTTGAGTTGGTATCAGCAGAAGCCAGGCCGACCTCCAAGGCGCCTAATTTATGAGGTTTCTAACCGGGACTCTGGGGTCCCAGACAGAATCAGCGGCAGTGGGGCAGGGACAGATTTCACCCTGAAGATCAGCAGAGTGGAGGCTGAGGATGTTGGGATTTATTACTGCGGACAAGATTCATTTTTTCCTTTCACTTTCGGCCCCGGGACCAAACTGGATATCAAA
44715-a.11,44715-a,44715,162,IGK,GAGGTGCAGGTGGTGGAGTCAGGGGGAGGCTTGGTCCAGCCTGGGGGGTCCCTGAGGCTCTCCTGTGCAGCCTCTGGATTCACGGTCAGTGACGTCTGGATGAACTGGGTCCGCCAGGCTCCAGGGAAGGGCCTAGAATGGGTTGCCCGTATTAAGAGGACAGATGAGGGTAACACACCAGATTACTCCGCGTCTGTGAAAGGCAGATTCACCATCTCAAGAGACGATTCAAAGAATACACTGTATCTCCAAATGAATAGTCTGAAAACCGAGGACACGGCCGTCTATTTCTGCACCGCATATGGGTCCATGTACGTGGGTGATTACGATTACTATTACAACGAGAGGGATCAGCAGCGGTTCGATGTCTGGGGCCCGGGAGTCCCGGTCACCGTCTCCTCA,GATGTTGTGATGACTCAGTCTCCACTCTCCCTGCCCATCACCCCTGGACAGCCGGCCTCCATCTCCTGCAGGTCTAGTCAAAGCCTTGTACACAGCAATGGAAACACATATTTGACTTGGTATCAGCAGAAGCCAGGCCAACGTCCAAGGCGCCTAATTTATGAGGTTTCTAACCGGGACCCTGGCGTCCCAGACAGATTCAGCGGCAGTGGGGCAGGGACAGATTTCACACTGAAAATCAGCAGAGTGGAGGCTGAGGATGTTGGGCTTTATTACTGCGGGCAACATACACACAATCCTCCATTCACTTTCGGCCCCGGGACCAAACTGGAGATCAAA
44715-a.12,44715-a,44715,162,IGK,GAGGTGCAGTTGGTGGAGTCTGGGGGAGGCTTGGTCCAGCCTGGGGGGTCCCTGAGGCTCTCCTGTACAGTCTCTGGATTCACCTTCAGTCACGTCTGGATGAACTGGGTCCGCCAGGCTCCAGGGAAGGGGCTAGAGTGGATTGCCCGTGTTAAAACTAAAGGTGATGGTGGAACAGAAGATTACGCCGCGTCTGTGAAAGGCAGATTCTCCATTTCAAGAGACGATTCAAAGAACGTTGCGTCTCTGCAAATGAACAGCCTGAAAATCGAGGACACGGCCGTGTATTACTGCAGGGCAGATGGATCCATAGTCGAAGATGAGGGCTTTTACTATTATATCGATCCCATTGAAAGCCGGTTCGATGTCTGGGGCCCGGGAGTCCTGGTCACCGTCTCCTCA,GATGTTGTGATGACTCAGTCTCCACTCTCCCTGTCCATCACCCCTGGACAGCCGGCCTCCATCTCCTGCAGGTCTAGTCAAAGCCTTGTATATAGCGATGGAAACACATACTTGAATTGGTTTCAGCAGAAGCCAGGCCAACCTGCAAGGCGCCTAATTTATGAGGTTTCTAAGCGGGACTCTGGGGTCCCAGACAGATTCAGCGGCAGTGGGGCAGGGACAGATTTCACACTGAAAATCAGTAGAGTGGAGGCTGAGGATGTTGCGGTTTATTACTGCGGACAAACTACAAACCCTGTTCCAATCACTTTCGGCCCCGGGACCAAACTGGATATCAAA
44715-a.13,44715-a,44715,162,IGK,GAGGTGCAGCTGGTGGAGTCTGGGGGAGGCTTGGTCCAGCCGGGGGGGTCCCTGAGGCTCTCCTGTGCAGCCTCTGGATTCACCTTCAGTGACGTCTGGATGAACTGGGTCCGCCAGGCTCCAGGGAAGGGGCTAGAGTGGGTTGCCCGTATTAAAGACAAAGGTGATGGTGAAAAACCAGATTACTCCGCGTCTGTGAAAGGCAGATTCACCATCTCAAGAGACGATTCAAAGAACACACTATTTCTGCACATGAACGGCCTGAAAACCGAGGACACGGCCGTATATTATTGCTCCACATATGGGTCCATGTACGTCGGTGATTACGATTACTACTACAACGAGAGGGATATGACGCGCTTCGATGTCTGGGGCCCGGGAGTCCTGGTCACCGTCTCCTCA,GATGTTGTGATGACTCAGTCTCCACTCTCCCTGCCCATCACCCCTGGACAGCCGGCCTCCATCTCCTGCAGGTCTAGTCAAAGCCTTCTACACAGCAATGGAAACACTTACTTGACCTGGTATCAACAGAGGCCAGGCCAACCTCCAAGGCGCCTACTTTATGAGGTTTCTAACCGGGACTCTGGCGTCCCAGACAGATTCAGCGGCAGTGGGGCAGGGACAAATTTCACATTGAAAATCAGCAGAGTGGAGGCTGAGGATGTGGGAGTTTATTACTGCGCGCAACATACATATAATCCTCCATTCACTTTCGGGCCCGGGACCAAACTGGATATCAAA
44715-a.14,44715-a,44715,162,IGK,GAGGTGCAGGTGGTGGAGTCGGGGGGAGGCTTGGTCCAGCCGGGGGGGTCCCTGAGGCTCTCCTGTGCAGCCTCTGGATTCACCTTCAGTCATGTCTGGATGAACTGGGTTCGCCAGGCTCCAGGGAAGGGGCTAGAGTGGGTTGCCCGCATTAAAACCAAAGGTGAGGGAGGAGCACATTACGCCGCGTCTGTGAAAGACAGATTCTCCGTCTCCAGAGACGAAGCAAAGAACACAGCATATCTGCAAATGAACAGCCTGAACATCGAGGACACGGCCGTGTATCACTGCAAGGTAGATGGGTCCATAGTCGTGGATGAGGGCTTTGACTATTACATCGATGCTATTGAGAAGGGATTCGTTGTCTGGGGCCCGGGAGTCCAGGTCACCGTCTCCTCA,GATGTTGTGATGACTCAGTCTCCGCTCTCCCTGTCCATCACCCCTGGACAGCCGGCCTCCATCTCCTGCAGGTCTATTCAAAGCCTTTTAGACAGCAATGGAAAGACATTCTTGAGTTGGTATCAGCAGAAGCCAGGCCGACCTCCAAGGCGCCTAATTTATGAGGTTTCTAACCGGGACTCTGGGGTCCCAGACAGAATCAGCGGCAGTGGGGCAGGGACAGATTTCACCCTGAAGATCAGCAGAGTGGAGGCTGAGGATGTTGGGATTTATTACTGCGGACAAGATTCATTTTTTCCTTTCACTTTCGGCCCCGGGACCAAACTGGATATCAAA
44715-a.15,44715-a,44715,162,IGK,GAGGTGCAGGTGGTGGAGTCAGGGGGAGGCTTGGTCCAGCCTGGGGGGTCCCTGAGGCTCTCCTGTGCAGCCTCTGGATTCACGGTCAGTGACGTCTGGATGAACTGGGTCCGCCAGGCTCCAGGGAAGGGCCTAGAATGGGTTGCCCGTATTAAAACGAAAGATGATGGTGGAACACCAGATTACTCCGCGTCTGTGAAAGGCAGATTCACCATCTCAAGAGACGATTCAAAGAATAGACTGTATCTCCAAATGAACAGTCTGAAAACCGACGACACGGCCGTCTACTTCTGCACCGCATATGGGTCCATGTACGTGGGTGACTACGATTACTATTACAACGAGAGGGATCAGCAGCGGTACGATGTCTGGGGCCCGGGAGTCCCGGTCATCGTCTCCTCA,GATGTTGTGATGACTCAGTCTCCACTCTCCCTGCCCATCACCCCTGGACAGGCGGCCTCCATCTCCTGCAGGTCTAGTCAAAGCCTTGTACACAGCAATGGAAACACATATTTGAGTTGGTATCAGCAGAAGCCAGGCCAACGTCCAAGGCGCCTAATTTATGAGGTTTCTAACCGGGACCCTGGCGTCCCAGACAGATTCAGCGGCAGTGGGGCAGGGACAGATTTCACACTGAAAATCAGCAGAGTGGAGGCTGAGGATGTTGGGCTTTATTACTGCGGGCAACATACACACAATCCTCCATTCACTTTCGGCCCCGGGACCAAACTGGAGATCAAA
44715-a.16,44715-a,44715,162,IGK,GAGGTGCAGCTGGTGGAGTCTGGGGGAGGCTTGGTCCAGCCTGGGGGGTCCCTGAGGCTCTCCTGTGCAGCCTCTGGATTTACCTTCAGTCACGTCTGGATGCACTGGGTCCGCCAGGCTCCAGGGAAGGGGCTAGAATGGGTTGCCCGTATTAAAACCAAAGCTGATGGTGGAACACCGGATTACGCCGCGTCTGTGAAAGGCAGATTCACCGTCTCAAGAGACGATTCAAAGAACACACTGTATCTGGAAATGAACAGCCTGAAAACCGAGGACACGGCCGTTTACTATTGTATCGCAGATGTGGTCATTGTCGAGGATGAAGGCTTTTACTATTATATCGAGGCGACTGAGGGCCGTCTCGAGGTCTGGGGCCCGGGAGTCCTGGTCACCGTCTCCGCA,GATGTTGTGATGACCCAGTCTCCACTCTCCCTGCCCATCACCCCTGGACAGCCGGCCTCCATCTCCTGCAGGTCTAGTCAAAGTCTTGTACACAGCAATGGAAACACATACTTGAATTGGTATCAGCAGAAGCCAGGCCAACCTCCGAGGCGCCTAATTTATGAGGTTTCTAACCGGGACTCTGGGGTCCCAGACAGATTCAGCGGCAGTGGGGCAGGGACAGATTTCACACTGAAAATCACCAGAGTGGAGGCTGAGGATGTTGGGGTTTATTACTGCGCCCAACTTACACACGTTCCTCAGTTCACTTTCGGCCCCGGGACCAAACTGGATATCAAG
44715-a.17,44715-a,44715,162,IGK,GAGGTGCAGCTGGTGGAGTCTGGGGGAGGCTTGGTCCAGCCTGGGGGGTCCCTGAGGCTCTCCTGTGTAGCCTCTGGATTCACCTTCAGTGACGTCTGGATGCACTGGGTCCGCCAGGCTCCAGGGAAGGGGCTAGAGTGGGTCGCCCGTATTAAAACCAAAGCTGATGGTGGAACACCGGATTACGCCGCGTCTGTGAAAGGCAGATTCACCATGTCACGAGACGATTCAAAGAGTACACTGTATCTGGAAATGAACAGCCTGAAAACCGAGGACACGGCCGTTTATTATTGTACCGCAGATGTGGTCATTGTCGAGGATGAGGGGTTTTACTATTATATTGCGGCGACTGAGGGCCGGCGCGATGTCTGGGGCCCGGGAGTCCTGGTCACCGTCTCCGCA,GATGTTGTGATGACCCAGTCTCCACTCTCCCTGCCCATCACCCCTGGACAGCCGGCCTCCATCTCCTGCAGGTCTAGTCAAAGCCTTGTACACAGCAATGGAAACACATACTTGAGTTGGTATCAGCAGAAGCCAGGCCAACCTCCACGGCGCCTAATTTATGAGGTTTCTAACCGGGACTCTGGGGTCCCAGACAGATTCAGCGGCAGTGGGGCAGGGACAGATTTCACACTGAAAATCAGCAGAGTGGAGGCTGAGGATGTTGGACTTTATTACTGCGCCCAACTTACACACCTTCCTCAATTCAGTTTCGGCCCCGGGACCAAACTGGATATCAAA
44715-a.18,44715-a,44715,162,IGK,GAGGTGCAGCTGGTGGAGTCTGGGGGAGGCTTGGTCCAGCCTGGGGGGTCCCTGAGGCTCTCCTGTGGAGCCTCTGGATTCACCTTCAGTCACGTCTGGATGCACTGGGTCCGCCAGGCTCCAGGGAAGGGGCTAGAGTGGATTGCCCGTATTAAAACCAAGGCTGATGGTGGAACACCAGATTACGCCGCGTCTGTGAAGGGCAGATTCACCGTCTCAAGAGACGATTCAAAGAGCACACTGTATCTGGATATGAACAGCCTGAAAACCGAGGACACGGCCGTTTACTTTTGTACCGCAGATGTGGTCATTGTCGAGGATGAGGGCTTTTACTATTATATCGAGGCGACTGAGAGCCGGCTCGATGTCTGGGGCCCGGGAGTCCTGGTCACCGTCTCCGCA,GATGTTGTGATGACCCAGTCTCCACTCTCCCTGCCCATCACCCCTGGACAGCCGGCCTCCATCTCCTGCAGGTCTAGTCAAAGCCTTGTACACAGCAATGGAAACACATACTTGAGTTGGTATCAGCAGAAGCCAGGCCAACCTCCAAGACGCCTAATTTATGACGTTTCTAACCGGGATTCTGGGGTCCCAGACAGATTCAGCGGCAGTGGGGCAGGGACAGATTTCACACTGAAAATCAGCAGAGTGGAGGCTGAGGATGTTGGGGTTTATTACTGCGCCCAACTTACACACCTTCCTCAATTCACTTTCGGCCCCGGGACCAAACTGGATATCAAA
44715-a.19,44715-a,44715,162,IGK,GAGGTGCAGCTGGTGGAGTCTGGGGGAGGCTTGGTCCAGCCTGGGGGGTCCCTGAGGCTCTCCTGTGTAGCCTCTGGATTCACCTTCAGTGACGTCTGGATGCACTGGGTCCGCCAGGCTCCAGGGAAGGGGCTAGAGTGGGTCGCCCGTATTAAAACCAAAGCTGATGGTGGAACACCGGATTACGCCGCGTCTGTGAAAGGCAGATTCACCATGTCAAGAGACGATTCAAAGAGTACACTGTATCTGGAAATGAACAGCCTGAAAACCGAGGACACGGCCGTTTACTATTGTACCGCAGATGTGGTCATTGTCGAGGATGAGGGGTTTTACTATTATATTGCGGCGACTGAGGGCCGGCGCGATGTCTGGGGCCCGGGAGTCCTGGTCACCGTCTCCGCA,GATGTTGTGATGACCCAGTCTCCACTCTCCCTGCCCATCACCCCTGGACAGCCGGCCTCCATCTCCTGCAGGTCTAGTCAAAGCCTTGTACACAGCAATGGAAACACATACTTGAGTTGGTATCAGCAGAACCCAGGCCAACCTCCACGGCGCCTAATTTATGAGGTTTCTAACCGGGACTCTGGGATCCCAGACAGATTCAGCGGCAGTGGGGCAGGGACAGATTTCACACTGAAAATCAGCAGAGTGGAGGCTGAGGATGTTGGACTTTATTACTGCGCCCAACTTACACACCTTCCTCAATTCAGTTTCGGCCCCGGGACCAAACTGGATATCAAA
44715-a.20,44715-a,44715,162,IGK,GAGGTGCAGCTGGTGGAGTCTGGGGGAGGCTTGGTCCAGCCTGGGGGGTCCCTGAGGCTCTCTTGTACAGCCACTGGATTCACCTTCAGTCGCGTCTGGATGCACTGGGTCCGCCAGGCTCCAGGGAAGGGGCTAGAGTGGGTTGCCCGCATTAAAACGAAAGCTGATGGTGGAACACCGGATTACGCCGCGTCTGTGAAAGGCAGATTCACCATCTCAAGAGACGATTCAAAGAGCACACTGTATCTGGCAATGAACAGCCTGAAAACCGAGGACACGGCCGTTTACTATTGTACCGCAGATGTGGTCATTGTCGAGGATGAGGGGTTTTATTATTATATCGAGGCGACTGAGAGCCGGCTCGATCTCTGGGGCCCGGGAGTCCTGGTCACCGTCTCCGCA,GATGTTGTGATGACCCAGTCTCCACTCTCCCTGCCCATCACCCCTGGACAGCCGGCCTCCATCTCCTGCAGGTCTAGTCAAAGCCTTGTACACAGCAATGGAAACACATACTTGAGTTGGTATCAACAGAAGACAGGCCAACGTCCACGGCGCCTAATTTATGAGGTTTCTAACCGGGACTCTGGGGTCCCAGACAGATTCAGCGGCAGTGGGGCAGGGACAGATTTCACACTGAAAATCAGCAGAGTGGAGGCTGAGGATGTTGGGGTTTATTACTGCGCCCAACTTACACACCTTCCTCAATTCACTTTCGGCCCCGGGACCAAACTGGATATCAAA
44715-a.21,44715-a,44715,162,IGK,GAGGTGCAGGTGGTGGAGTCGGGGGGAGGCTTGGTCCAGCCGGGGGGGTCCCTGAGGCTCTCCTGTGCAGCCTCTGGATTCACCTTCAGTCATGTCTGGATGAACTGGGTTCGCCTGGCTCCAGGGAAGGGGCTAGAGTGGGTTGCCCGCATTAAAACCAAAGGTGAGGGAGGAGGAACAGCACATTACGCCGCGTCTGTGAGAGACAGATTCTCCGTCTCACGAGACGAAGGAACGAACACAGCACATCTGCAAATGAACAGCCTGAAAACCGAGGACACGGCCGTGTATCACTGCAAGATAGATGGGTCCATAGTCGTGGATGAGGGCTTTGACTTTTACATCGATGCTATTGAGAAGGGATTCGTTGTCTGGGGCCCGGGAGTCCTGGTCACCGTCTCCTCA,GATGTTGTGATGACCCAGTCTCCGCTCTCCCTGTCCATCACCCCTGGACAGCCGGCCTCCATCTCCTGCAGGTCTACTCAAAGCCTTTTAGACAGCAATGGAAAGACATTCTTGAGTTGGTATCAGCAGAAGCCAGGCCGACCTCCAAGGCGCCTAATTTATGAGGTTTCTCACCGGGACTCTGGGGTCCCAGACAGAATCACCGGCAGTGGGGCAGGGACGGATTTCACCCTGAAGATCAGCAGAGTGGAGGCTGAGGATGTTGGAATTTATTTCTGCGGGCAAGATTCATTTTTTCCTTTCACTTTCGGCCCCGGGACCAAACTGGATATCAAA
RHA1.V2.01,5695-a,5695,65,IGL,CAGGTGCAGCTGCGGGAGTCGGGCCCAGGACTGGTGAAGCCTTCGGAGACCCTGGTCCTCACCTGCGCTGTCTCTGGTGGTGGTGACTCCTTCGGTTTTCACTACTGGAACTGGATCCGCCAACCCCCGGGGAAGGGCCTGGAGTGGATTGGACATATCGGTGGCAGTAGTGGGAGTACCGACTTCAACCCCTCCCTCAAGAGTCGAGTCACCATTTCAATGGACTCGTCCAGGAACCAGTTCTCCCTGAGGTTGAAATCTGTGACCGCCGCGGACACGGCCGTGTATTTCTGTGCGAGAAAGGGTGAAGACTTTTACGAGGATGATTACGGTCAATATTTCACCGCAGGCTGGTTCTTCGATCTCTGGGGCCCTGGCACCCCAATCATCATCTCCTCA,CAGTTTGTGCTGACGCAGCCGCCCTCAGTGTCTGGGGCGCCCGGGCAGACGGTCACCATCTCCTGCACTGGGAGGAGTTCCAATTTTGGCGGTCATTATGTGCAGTGGTACCAGCAGCTTCCAGGAACGGCCCCCAGACTCGTCATCTTTGAAAATGATAGGCGACCCTCAGGGGTTTCTGATCGATTCTCTGGCTCCCAGTCTGGTGCCTCAGCCTCCCTGACCATCACTGGACTCCAGTCTGAGGATGAGGCTGATTATTACTGCCAGTGCTATGACAGTAGCGTATTATTCGGAAGGGGGACCCGGCTGACCGTCCTG
RHA1.V2.02,5695-a,5695,65,IGL,CAGGTGCAGCTGCGGGAGTCGGGCCCAGGACTGGTGAAGCCTTCGGAGGCCCTGTCCCTCACCTGCACTGTCTCTGGTGGTGGTGACTCCTTCGGTTTTCACTACTGGAATTGGATCCGCCAACCCCCGGGGAAGGGGCTGGAGTGGATTGGGCATATCGGTGGTACTAGTGGACATACCGACTACAACCCCTCCCTCAAGAGTCGAGTCACCATTTCAATGGACTCGTCCAAGAACCAGTTCTCCCTGAGGTTGAACTCTGTGACCGCCGCGGACACGGCCGTGTATTTCTGTGCAAGAAAGGGTGAAGACTTTTACGAGGATGATTACGGTCAATATTTCACCGCAGGCTGGTACTTCGATCTCTGGGGCCCTGGCACCCCAATCATCATCTCCTCA,CAGTTTGTGCTGACGCAGCCGCCCTCAGTGTCTGGGGCGCCCGGACAGAGGGTCACGATCTCCTGCACTGGGAGGAGTTCCAATTTTGGCGGTCATTATGTGCAGTGGTACCAGCAGCTTCCAGGAACGGCCCCCAAACTCGTCATCTATGAAAATAATAGGCGACCCTCAGGGGTTTCTGAGCGATTCTCTGGCTCCCAGTCTGGTGCCTCAGCCTCCCTGACCATCACTGGGCTCCAGTCTGAGGATGAGGCTGATTATTACTGCCAGTGTTATGACACCACCGTGTTATTCGGAGGGGGGACCCGGCTGACCGTCTTG
RHA1.V2.03,5695-a,5695,65,IGL,CAGGTGCAGCTGCGGGAGTCGGGCCCAGGACTGGTGAAGCCTTCGGAGACCCTGTCCCTCACCTGTGCTGTTTCTGGTGGTGGTGACTCCTTCGGTTTTCACTACTGGAACTGGATCCGCCAACCCCCGGGGAAGGGGCTGGAGTGGATTGGGCATATCGGTGGTAGTAGTGGGCATACCGACTACAATCCCTCCCTCAAGAGTCGAGTCACCATTTCAATGGACTCGTCCAAGAACCAGTTCTCCCTGAGGTTGAACTCTGTGACCGCCGCGGACACGGCCGTGTATTTCTGTGCAAGAAAGGGTGAAGACTTTTACGAGGATGATTACGGTCAATATTTCACCGCAGGCTGGTACTTCGATCTCTGGGGCCCTGGCACCCCAATTATCATCTCCTCA,CAGTTTGTGCTGACGCAGCCGCCCTCAGTGTCTGGGGCGCCCGGACAGAGGGTCACCATCTCCTGCACTGGGAGGAGTTCCAATTTTGGCGGTTATTATGTGCAGTGGTACCAGCAACTTCCAGGAACGGCCCCCAAACTCGTCATCTATGAAAATAATAGGCGACCCTCAGGGGTTTCTGAGCGATTCTCTGGCTCCCAGTCTGGTGCCTCAGCCTCCCTGACCATCACTGGACTGCAGTCTGATGATGAGGCTGATTATTACTGCCAGTGTTATGACAGTAACGTGTTATTCGGAGGGGGGACCCGGCTGACCGTCCTG
RHA1.V2.04,5695-a,5695,65,IGL,CAGGTGCAGCTGCGGGAGTCGGGCCCAGGACTGGTGAAGCCTTCGGAGACCCTGTCCCTCACCTGCGCTGTCTCAGGTGGTGGTGACTCCTTCGGTTTTCACTTCTGGAACTGGATCCGCCAACCCCCGGGGAAGGGGCTGGAGTGGATTGGGCATATCGGTGGTAGTAGTGGTAGTACCGACTACAACCCCTCCCTCAAGAGTCGAGTCACCATTTCAATGGACTCGTCCAAGAACCAGTTCTCCCTGAGGTTGAACTCTGTGACCGCCGCGGACACGGCCGTGTATTTCTGTGCAAGAAAGGGTGAAGACTTTTACGAGGATGACTACGGTCAATATTTCACCGCAGGCTGGTTCTTCGATCTCTGGGGCCCTGGCACCCCAATAATCATCTCCTCA,CAGTTTGTGCTGACGCAGCCGCCCTCAGTGTCTGGGGCGCCCGGGCAGAGGGTCACCATCTCCTGCACTGGGAGGAGTTCCAATTTCGGCGGTCATTATGTGCAGTGGTACCAACAGCTTCCAGGAACGGCCCCCAGACTCGTCATCTATGAAAATAATAGGCGACCCTCAGGGGTTTCTGATCGATTCTCTGGCTCCCAGTCTGGTGCCTCAGCCTCCCTGACCATCACTGGACTCCAGTCTGAGGATGAGGCTGATTATTACTGCCAGTGTTATGACACCACCGTGTTATTTGGAGGGGGGACCCGGGTGACCGTCCTG
5695-b.01,5695-b,5695,65,IGL,GAGGTGCGCCTGGTGGAGTCTGGGGGAGGCTTGGTCCAGCCTGGCGGGTCCCTGAGACTCTCCTGTGTAGCCTCTGGATTCACCCTCTATGACTATAACATGAACTGGGTCCGCCGGGCTCCAGGGAAGGGGCCGGAGTGGGTAGGTCTCATTAGAAACGAACCCAATGGGGGGACAACAGAATACGCCGCGTCTGTGAAAGGCAGATTCATCATCTCAAGAGATGATTCCAAAAACATTGTCAGTCTGCAAATGAATGGTCTGAAAACCGAAGACACGGCCGTCTATTCCTGTGTCAGAGAGGACACTTGGTTTTACGACGATGATTACGGTCACATGTGGGGGACAACCTATTGTTTCGATGTCTGGGGCCAAGGGGTCGTCGTCACCGTCTCCTCC,CAGGCTGCCCTGACTCAGTCTCCCTCTGTGTCTGGGTCTCCTGGACAGTCGGTCACCATTTCCTGCACTGGAACCAGCAGTGACATTGGTTATAAGCGTGTCTCCTGGTACCAACAACACCCCGGCAAAGCCCCCAGACTCTTGATTTATGAGGTCAGTAATCGGCCCTCAGGGATCTCTGATCGCTTCTCTGGTTCCAAATCTGCCAACACGGCCTCCCTGATCATCTCTGGGCTCCAGGCTGAGGACGAGGCTGATTATTACTGCAGTTCATATACGAGGACTAACACTTATATCTTCGGTAGTGGGACCCGGCTCACCGTCCTA
5695-b.02,5695-b,5695,48,IGL,GAGGTGCAGCTGGTGGAGTCTGGGGGAGGCTTGGTCCAGCCTGGCGGGTCCCTGAGACTCTCCTGTGTAGCCTCTGGAATCACCCTCTATGACCACTACATGAACTGGGTCCGCCTGGCTCCTGAGAAGGGGCCGGAGTGGGTAGGTTTCATTAGAAGCCAAGCTGATGGTGGGACACCAGAGTACGCCGCGTCTGTGAAAGGCAGATTCACCATCTCAAGAGATGATTCCAAAAACAGTGTCAGTCTGCACGTGAGGAGTCTGAATACCGAGGACACGGCCGTCTATTACTGTGTTAGAGATGACACTTGGTTTTACGACGATGATTACGGTCAAATTTGGGGGAGGTCCTACGCTTTGGATCTCTGGGGTCAAGGGGTCGTCGTCATCGTCTCCTCA,CAGTCTGCCCTGACTCAGTCTCCCTCTGTGTCTGGGTCTCCTGGACAGTCGGTCACCATTTCCTGCACTGGAACCAGCAGTGACATTGGTGGTTATAACCGTGTCTCCTGGTACCAACACCACCCCGGCAAAGCCCCCAAACTCATGATTTATGAGGTCACTAATCGGCCCTCAGGGGTCTCTGATCGCTTTTCTGGTTCCAAGTCTGGCAACACGGCCTCCCTGATCATCTCTGGGCTCCAGGCTGAGGACGAGGCTGATTATTACTGCAGCTCATCCACAAGGAGTGACACCTACATCTTCGGTACTGGGACCCGGCTCACCGTCCTA
5695-b.03,5695-b,5695,48,IGL,GAGGTGCAGCTGGTGGAGTCTGGGGGAGGCTTGGTCCAGCCTGGCGGGTCCCTGAGACTCTCCTGTGTAGCCTCTGGATTCAGCCTCTATGACCACTACATGAACTGGGTCCGCCGGGCTCCTGGGAAGGGGCCGGAGTGGGTAGGTTTCATTAGAAGCCAAGCTGATGGTGGGACACCAGAGTACGCCGCGTCTGTGAAAGGCAGATTCACCATCTCAAGAGATGATTCCAAAAACAGTGTCAGTCTGCACATGAGGAGTCTGAATACCGAGGACACGGCCGTCTATTACTGTGTTAGAGATGACACTTGGTTTTATGACGATGATTACGGTCAAATTTGGGGGAGGTCCTACGCTTTGGATTTCTGGGGTCAAGGGGTCGTCGTCATCGTCTCCTCA,CAGTCTGCCCTGACTCAGTCTCCCTCTGTGTCTGGGTCTCCTGGACAGTCGGTCACCATTTCCTGCACTGGAACCAGCAGTGACATTGGTGGTTATAACCGTGTCTCCTGGTACCAACACCACCCCGACAAAGCCCCCAAACTCATAATTTATGAGGTCAGTAACCGGCCCTCAGGGGTCTCTGATCGCTTTTCTGGTTCCAAGTCTGGCAACACGGCCTCCCTGATCATCTCTGGGCTCCAGGCTGAGGACGAGGCTGACTATTACTGCAGCTCATCCACAAGGAGTGACACTTACATCTTCGGTACTGGGACCCGGCTCACCGTCCTA
5695-b.04,5695-b,5695,40,IGL,GAGGTGCAGCTGGTGGAGTCTGGGGGAGGCTTGGTCCAGCCTGGCGGGTCCCTGAGACTCTCCTGTGTAGTCTCTGGATTCAACATCTATGACCACTACATGAACTGGGTCCGCCAGACTCCTGGGAAGGGGCCGGAGTGGGTAGGTTTCATTAGAAGCCAACCTGATGGTGGGACACCAGAGTACGCCGCGTCTGTGAAAGGCAGATTCACCATCTCAAGAGATGATTCCAGAAACACTGTCAGTCTGCACATGAAGAGTCTGAATACCGAGGACACGGCCGTCTATTATTGTGTTAGAGATGACACTTGGTTTTACGACGATGATTACGGTCAAATTTGGGGGAGGTCCTACGCTTTGGATCTCTGGGGTCAAGGGGTCGCCGTCATCGTCTCCTCA,CAGTCTGCCCTGACTCAGTCTCCCTCTGTGTCTGGGTCTCCTGGACAGTCGGTCACCATTTCCTGCACTGGAACCAGCAGTGACATTGGTGGTTATGACCGTGTCTCCTGGTACCAACAGCGCCCAGGCAAAGCCCCCAAACTCATGATTTATGAGGTCAGTAATCGGCCCTCAGGGGTCTCTGATCGCTTCTCTGGTTCCAAGTCTGGCAACACGGCCTCCCTGATCATCTCTGGGCTCCAGGCTGAGGACGAGGCTGATTATTACTGCAGCTCATCCACAAGGAGTAACACTTACATCTTCGGTACTGGGACCCGGCTCAC
5695-b.05,5695-b,5695,40,IGL,GAGGTGCAGCTGGTGGAGTCTGGGGGAGGCTCGGTCCAGCCTGGCGGGTCCCTGAGACTCTCCTGTGTAGTTTCTGGATTCAACATCTATGACCACTACATGAATTGGGTCCGCCAGGCTCCTGGGAAGGGGCCGGAGTGGGTAGGTTTCATTAGAAGCCAACCTGATGGTGGGACACCAGAGTACGCCGCGTCTGTGAAAGGCAGATTCACCATCTCAAGAGATGATTCCAGAAACATTGTCAGTCTGCACATGAGGAGTCTGAATACCGAGGACACGGCCGTCTATTATTGTGTGAGAGATGACACCTGGTTTTACGACGATGATTACGGTCAAATTTGGGGGAGGTCCTACGCTTTGGATCTCTGGGGTCAAGGGGTCGCCGTCATCGTCTCCTCA,CAGTCTGCCCTGACTCAGTCTCCCTCTGTGTCTGGGTCTCCTGGACAGTCGGTCACCATTTCCTGCACTGGAACCAGCGGTGACATTGGTGGTTATGACCGTGTCTCCTGGTACCAACAGCGCCCAGGCAAAGCCCCCAAACTCATTATTTATGAGGTCAGTAATCGGCCCTCCGGGGTCTCTGATCGCTTCTCTGGTTCCAAGTCTGGCAACACGGCCTCCCTGATCATCTCTGGGCTCCAGGCTGAGGACGAGGCTGATTATTACTGCAGCTCATCCACAAGGAGTAACACTTACATCTTCGGTACTGGGACCCGGCTCAC
6070-a.01,6070-a,6070,36,IGK,CAGGTGACCTTGAAGGAGTCTGGTCCTGCGCTGGTTAAACCCACACAGACCCTCACGCTGACCTGCACCTTCTCTGGGTTCTCACTCAGCACTAGTGGTATGGCTGTGGGCTGGATCCGTCAGCCCCCAGGGAAGGCCCTGGAGTGGCTTGCAAACATTTATTGGGATGGTGATACATACTATAGCACATCTCTGAAGAGTAGACTCACCATCTCCAAGGACACCTCCAAAAATCAGGTGGCTCTAAAAATGACCAACATGGACCCTGTGGACACAGCCACATATTTCTGTGCGCGGGGAGAGGAGTCGTTTTACGAGGATGATTACGGCCAGATGGAGTGGTTACATTCTTTTGATGCCTGGGGCCAAGGGCTCAGGGTCACCGTCTCTTC,GACATTCAGATGACCCAGTCTCCACCCTCCCTGTCTGCATCTATAGGAGACAGAGTCACCATCACTTGTCGGGCAAGTCAGGGCATTAGCAATTATTTAGCCTGGTATCAGCAGAAACCAGGGAAAGCCCCGAAGCGCCTGGTCTATGATGCCTCCACCTTGCAAGGTGGGGTCCCATCAAGATTCAGTGGCAGTGGATCTGGGACATATTTCAGTCTCACCATCAGCAGCCTGCAGCCTGAAGATTTTGCAACTTATTACTGTCTACAGCATAATAGTCACCCGCTCACTTTCGGCGGAGGGACCAAGGTGGACATCAAA
6070-a.02,6070-a,6070,36,IGK,CAGGTGACCTTGAAGGAGTCTGGTCCTGCGCTGGTAAAACCCACACAGACCCTCACGCTGACCTGCACCTTCTCTGGGTTCTCACTCAGCACTAGTGGTATGGCTGTGGGCTGGATCCGTCAGCCCCCAGGGAAGGCCCTGGAGTGGCTTGCAAACATTTATTGGGATGGTGATACATACTATAGCACATCTCTGAAGAGTAGGCTCACCATCTCCAAGGACACCTCCAAAAATCAGGTGGCTCTAAAAATGACCAACATGGACCCTGTGGACACAGCCACATATTACTGTGCGCGGGGAGAGGAGTCGTTTTACGAGGATGATTACGGCCAGATGGAGTGGTTACATTCTTTTGATGCCTGGGGCCAAGGGCTCAGGGTCACCGTCTCTTC,GACATTCAGATGACCCAGTCTCCACCCTCCCTGTCTGCATCTATAGGAGACAGAGTCACCATCACTTGTCGGGCAAGTCAGGGCATTAGCAATTATTTAGCCTGGTATCAGCAGAAACCAGGGAAAGCCCCGAAGCGCCTGATCTATGATGCCTCCACCTTGCAAAGTGGGGTCCCATCAAGATTCAGTGGCAGTGGATCTGGGACATATTTCAGTCTCACCATCAGCAGCCTGCAGCCTGAAGATTTTGCAACTTATTACTGTCTACAGCATAATAGTCACCCGCTCACTTTCGGCGGAGGGACCAAGGTGGAGATCAAA
6070-a.03,6070-a,6070,36,IGK,CAGGTGACCTTGAAGGAGTCTGGTCCTGCGCTGGTGAAACCCACACAGACCCTCACGCTGACCTGCACCTTCTCTGGGTTCTCACTCACCACTAGTGGGATGGGTGTGGGCTGGATCCGTCAGCCCCCAGGGAAGGCTCTGGAATGGCTTGCACACATTTATTGGGATGGTGATACGTACTACAGCACATCTCTGAAGACCAGGCTCACCATCTCCAAGGACACCTCCAAAAACCAGGTGTTTCTAAGAATGACCAACATGGACCCTTTGGACACAGCCACATATTTCTGTGCGCGGGGAGAGGAGTCGTTTTACGAGGATGATTACGGTTTGATGGAGTGGTTACACCCTTTTGATTTCTGGGGCCAAGGTCTCAGGGTCACCGTCTCTTC,GACATTCAGATGACCCAGTCTCCATCCTCCCTGTCTGCATCTGTAGGAGACACAGTCACCATCACTTGTCGGGCAAGTCAGGGCATTAGAAATTATTTGGCCTGGTTTCAGCAGAAACCAGGGAAAGCCCCTAAGCGCCTGATCTATGATGCATCCACCTTACAAAGTGGGGTCCCATCAAGGTTCAGTGGCAGTGGATCTGGGACAGATTTCACTCTCACCATCAGCAGCCTGCAGCCTGAAGATTTTGCAAGTTATTACTGTCAACAGTATAATAGTCACCCGCTCACTTTCGGCGGAGGGACCAAGGTGGAGATCAAA
6070-a.04,6070-a,6070,36,IGK,CAGGTGACCTTGAAGGAGTCTGGTCCTGCGCTGGTGAAACCCACACAGACCCTCACGCTGACCTGCACCTTCTCTGGATTCTCACTCAGCAGTAGTGGTATGGCTGTGGGCTGGATCCGTCAGCCCCCAGGGAAGGCCCTGGAATGGCTTGCAAACATTTATTGGGATGGTGATACATACTACAGCACATCTCTGAAGACCAGGCTCACCATCTCCAAGGACACCTCCAAAAACCAGGTGGTTCTAAGAATGACCAACATGGACCCTGTGGACACAGCCACATATTACTGTGCGCGGGGAGAGGAGTCGTTTTACGAGGATGATTACGGTCAGATGGAGTGGTTACATCCTTTTGATATCTGGGGCGAAGGGCTCAGGGTCACCGTCTCTTC,GACATTCAGATGACCCAGTCTCCATCCTCCCTGTCTGCATCTGTGGGAGACACAGTCACCATCACTTGTCGGGCAAGTCAGGGCATTAGTAATTATTTAGCCTGGTATCAGCAGAAACCAGGGAAAGCCCCTAAGCGCCTGATCTCTGATGCATCCACCTTGCAAGGTGGGGTCCCATCAAGGTTCAGTGGCAGTGGATCTGGGACAGATTTCACTCTCACCATCAGCAGCCTACAGCCTGAAGATTTTGCAACTTATTACTGTCAACAGTATAATAGTCACCCGCTCACTTTCGGCGGAGGGACCAAGGTGGAGATCAAA
6070-a.05,6070-a,6070,36,IGK,CAGGTGACCTTGAAGGAGTCTGGTCCTGCGCTGGTGAAACCCACACAGACCCTCACGCTGACCTGTACCTTCTCTGGGTTCTCACTCAGCACTAGTGGTATGGCTGTGGGCTGGATCCGTCAGCCCCCAGGGAAGGCCCTGGAGTGGCTTGCAAACATTTATTGGGATGGTGATACATACTATAGCACATCTCTGAAGACTAGGCTCACCATCTCCAAGGACACCTCCAAAAATCAGGTGGCTCTAACAATGACCAACATGGACCCTGTGGACACAGCCACATATTACTGTGCGCGGGGAGAGGAGTCGTTTTACGAGGATGATTACGGTCAGATGGAGTGGTTACATTCTTTTGATGGCTGGGGCCAAGGGCTCAGGGTCACCGTCTCTTC,GACATTCAGATGACCCAGTCTCCACCCTCCCTGTCTGCATCTGTAGGAGACAGAGTCACCATCACTTGTCGGGCAAGTCAGGGCATTAGCAATTATTTAGCCTGGTATCAGCAGAAACCAGGGAAAGCCCCGAAGCGCCTGATCTATGATGCATCCACCTTGCAAAGTGGGGTCCCATCAAGATTCAGTGGCAGTGGATCTGGGACAGTTTTCAGTCTCACCATCAGCAGCCTGCAGCCTGAAGATTTTGCAACTTATTACTGTCTACAGCATCATAGTCACCCGCTCACTTTCGGCGGAGGGACCAAGGTGGAGATCAAA
6070-a.06,6070-a,6070,36,IGK,CAGGTGACCTTGAAGGAGTCTGGTCCTGCGCTGGTGAAACCCACACAGACCCTCACGCTGACCTGCACCTTCTCTGGGTTCTCACTCGACACTAGTGGGATGGGTGTGGGCTGGATCCGTCAGCCCCCAGGGAAGGCCCTGGAATGGCTTGCACACATTTATTGGGATGGTGATACGTATTACAGCACATCTCTGAAGACCAGGCTCACCATCTCCAAGGACACCTCCAAAAACCAGGTGGTTCTAAGAATGACCAACATGGACCCTGTGGACACAGCCACATATTTCTGTGCACGGGGAGAGGAGTCGTTTTACGATGATGATTACGGTTTCATGGAGTGGTTACACCCTTTTGATTTCTGGGGCCAAGGTCTCAGGGTCACCGTCTCTTC,GACATTCAGATGACCCAGTCTCCATCCTCCCTGTCTGCATCTGTAGGAGACAGAGTCACCATCACTTGTCGGGCAAGTCAGGCCATTAGTAATTATTTAGCCTGGTTTCAGCAGAAACCAGGGAAAGCCCCTAAGCGCCTGATCTATGATGCATCCACCTTACAAAGTGGGGTCCCATCAAGGTTCAGTGGCAGTGGATCTGGGACAGATTTCACTCTCACCATCAGCAGCCTGCAGCCTGAAGATTTTGCAAATTATTACTGTCAACAGTATAATAGTCACCCGCTCACTTTCGGCGGAGGGACCAAGGTGGAGATCAAA
6070-a.07,6070-a,6070,36,IGK,CAGGTGACCTTGAAGGAGTCTGGGCCTGCGCTGGTGAAACCCACACAGACCCTCACGCTGACCTGCAACTTTTCTGGGTTTTCACTCAGCACTAGTGGGATGGGTGTGGGCTGGATCCGTCAGCCCCCAGGGAAGGCCCTGGAATGGCTTGCACACATTTATTGGGATGGTGATACGTACTACAGTACATCTCTGAAGACCAGGCTCACCATCTCCAAGGACACCTCCAAAAATCAGGTGGTTCTAAGAATGACCAACATGGACCCTGTGGACACAGCCACATATTTCTGTGCACGGGGAGAGGAGTCGTTTTACGAGGATGATTACGGTTTGATGGAGTGGTTACACCCTTTTGATTTCTGGGGCCAAGGTCTCAGGGTCACCGTCTCTTC,GACATTCAGATGACCCAGTCTCCATCCGCCCTGTCTGCGACTGTAGGAGACACAGTCACCATCACTTGTCGGGCAAGTCAGGGCGTTAGAAGTTATTTAGCCTGGTATCAGCAGAAAGCAGGGAAAGCCCCTAAGCGCTTGGTCTATGATGCATCCACCTTGCAAAGTGGGGTCCCATCAAGGTTCAGTGGCAGTGGATCTGGGACAGCTTTCACTCTCACCATCAGCAGCCTGCAGCCTGAAGATTTTGCAAGTTATTACTGTCAACAGTATAATAGTCACCCGCTCACTTTCGGCGGAGGGACCAAGGTGGAGATCAAA
6561-a.01,6561-a,6561,144,IGL,CAGGTGCAGCTGCAGGAGTCGGGCCCAGGACTGGTGAGGCCTTCGGAGACCCTGTCCCTCACCTGCACTGTCTCTGGTGGCTCCATCAGCGATAGGTACTACTGGAATTGGATCCGCCAACGCCCAGGGAAGCCACTGGAATGGCTTGGCAATATCTATGGCTTTAGTGAGCGCACCTATCACAACCCCTCCTTCAAGAGTCGAGTCACCATTTCAAAGGACACGTCCAAAAACCAATTCTTCCTAAGCCTGAGCTCTGTGACCGCCGCGGACACGGCCGTGTATTACTGTGTGAGAGATCGCTTGCTGGAAGAATATTACGAGGAAGATTACGATAACTGGTATCGAGTATTTGACGCATTGGAGGTCTGGGGCCGGGGACTTCTGGTCACCGTCTCCTCA,CAGCCTGTGGTGACTCAGTCGCCCTCTGCCTCTGCCTCCCTGGGAGCCTCGGTCAAGCTCACCTGCACTCTGGGCAGTGGAAACACCAACTACGCCATCGCATGGCATCAGCAGCAGGAAGGGAAGGCCCCACGGTTCTTAATGAGAGTTGAAAGTGGTGGCAGCCACAGCAAGGGGGACGGAATCCCTCATCGTTTTTCAGGCTCCAGTTCCGGGGCTGAGCGCTACCTCACCATCTCCAACCTCCAGTCTGAGGATGAGGCTGATTATTTCTGTCAGACCTGGACTACTGGCACTCATGTTTTCGGAGTTGGCACCAAGTTGACCGTCCTC
6561-a.02,6561-a,6561,144,IGL,CAGGTGCAGCTGCAGGAGTCGGGCCCAGGACTGGTGAAGCCTTCGGAGACCCTGTCCCTCACCTGCGCTGTCTCTGGTGGCTCCATCAGCGATAGTTACTACTGGAACTGGATCCGCCAACGCCCAGGGAAGGCGCTGGAGTGGATTGCCAATATCTATGGCTATAGTTCGCGCATCTATCACAACCCCTCCCTCAAGAGTCGAGTCACCATTTCAAAGGACACGTCCAAAAACCAATTCTTCCTAAGCCTGAGGTCTATGACCGCCGCGGACACGGCCGTGTATTATTGTGTGAGAGATCGCTTGCTGGAAGAATATTACGAGGAAGATTACGATAACTGGTATCGAGTATTTGACGCATTGGAGGTCTGGGGCCGGGGACTTCTGGTCACCGTCTCCTCA,CAGCCTGTGGTGACTCAGTCGCCCTCTGCCTCTGCCTCCCTGGGAGCCTCGGTCAAGCTCACCTGCACTCTGAGCAGTGGACACACCAACAACGCCATCGCATGGCATCAGCAGCAGCAAGGGAAGGCCCCACGGTTCTTAATGAGACTTGACAGTGTTGGCAGCCACAGCAAGGGGGGCGGAATCCCTGATCGTTTTTCAGGCTCCAGCTCCGGGGCTGAGCGCTACCTCACCATCTCCAACCTCCAGTCTGAGGATGAGGCTGATTATTTCTGTCAGACCTGGACTACTGGCATTCATGTTTTCGGAATTGGCACCAAGTTGACCGTCCTC
6561-a.03,6561-a,6561,144,IGL,CAGGTGCAGCTGCAGGAGTCGGGCCCAGGACTGGTGAAGCCTTCGGAGACCCTGTCCCTCACCTGCGCTGTCTCTGGTGGCTCCGTCAGCGATAGTTACTACTGGAACTGGGTCCGCCAACGCCCAGGGGAGGCACTGGAGTGGCTTGGCAATATCTATGGCTATAGTGACCGCATCTATCACAACCCCTCCCTCAAGAGTCGAGTCACCATTTCAAAGGACACGTCCAAAAACCAATTCTTCCTAAGCCTGAGGTCTGTGACCGCCGCGGACACGGCCGTGTATTATTGTGTGAGAGATCGCTTGCTGGAAGAATATTACGAGGAAGATTACGATAACTGGTATCGAGTATTGGACGCATTGGAGGTCTGGGGCCGGGGACTGCTGGTCAGCGTCTCCTCA,CAGCCTGTGGTGACTCAGTCGCCCTCTGCCTCTGCCTTGCTGGGAGCCTCGGTCAAGCTCACCTGCACTCTGAGCAGTGGACACACCAACCTCGCCATCGCATGGCATCAGCAGCAGCAAGGGAGGGCCCCACGGTTCTTAATGAGACTTGACAGTGCTGGCAGCCACAACAAGGGGGACGGAATCCCTGATCGGTTTTCAGGCTCCAGCTCCGGGGCTGAGCGCTACCTCACCATCTCCAACCTCCAGTCTGAGGATGAGGCTGATTATTTCTGTCAGACCTGGACCACTGACATGCATGTTTTCGGAATTGGCACCAAGTTGACCGTCCTC
6561-a.04,6561-a,6561,144,IGL,CAGGTGCAGCTGCAGGAGTCGGGCCCAGGACTGGTGAAGCCTTCGGAGACCCTGTCCCTCACCTGCGCTGTCTCTGGTGGCTCCATCAGCGATCGTTACTACTGGAACTGGATCCGCCAACGTCCAGGGAAGGCACTGGAGTGGCTTGGCAATATCTATGGCTATAGTGACCGCATCTATCACAGCCCCGCCCTCAAGAGTCGAGTCACCATTTCAAAGGACACGTCCAAAAACCAATTCTTCCTAAGCCTGACGTCTGTGACCGCCGCGGACACGGCCGTGTATTATTGTGTGAGAGATCGCTTGCTGGAAGAATATTACGAGGAAGATTACGATAATTGGTATCGAGTATTTGACGCATTGGAGGTCTGGGGCCGGGGACTTCTGGTCACCGTCTCCGCA,CAGCCTGTGGTGACTCAGTCGCCCTCTGCCTCTGCCTCCCTGGGAGCCTCGGTCAAGCTCACCTGCACTCTGAGCAGTGGACACATCAACTACGACATCGCTTGGCATCAGCAGCAGCAAGGGAAGGCCCCACGGTTCTTAATGAAAGTTGACAATGGTGGCAGCCACAGCAAGGGGGCCGGAATCCCTGATCGTTTTTCAGGCTCCGGTTCCGGGGCTGAGCGCTACCTCACCATTTCCAACCTCCAGTCTGAGGATGAGGCTGATTATTTCTGTCAGACCTGGACTACTGGCATTCATGTTTTCGGAATTGGCACCAGGTTGACCGTCCTC
6561-a.05,6561-a,6561,144,IGL,CAGGTGCAGCTGCAGGAGTCGGGCCCAGGACTGGTGAAGCCTTCGGAGACCCTGTCCCTCATCTGCGCTGTCTCTGGTGGCTCCATCAGCGATAGTTTCTACTGGAACTGGATCCGGCAACGCCCAGGGAAGGCACTGGAGTGGCTTGGCAATATCTATGGCTATAGTGACCGCATCTATTACAGCCCCGCCCTCAAGAGTCGAGTCACCATTTCAAAGGACACGTCCAAAAACCAATTCTTCCTAAGCCTGAGGTCTGTGACCGCCGCGGACACGGCCGTGTATTATTGTGTGAGAGATCGCTTGCTGGAAGAATATTACGAGGAAGATTACGATAATTGGTATCGAGCATTTGACGCATTGGAGGTCTGGGGCCGGGGACTTCTGGTCACCGTCTCCTCA,CAGCCTGTGGTGACTCAGTCGCCCTCTGCCTCTGCCTCCCTGGGAGCCTCGGTCAAGCTCACCTGCACTCTGAGCAGTGGACACTATGCCATCGCTTGGCATCAGCAGCAGCAAGGGAAGGCCCCACGGTTCTTAATGAGAGTTGACAGTGGTGGCAGCCACAGCAAGGGGGCCGGAATCCCTGATCGTTTTTCAGGCTCCAGTTCCGGGGCTGAGCGCTACCTCACCATTTCCAACCTCCAGTCTGAGGATGAGGCTGATTATTTCTGTCAGACCTGGACTACTGGCATTCATGTTTTCGGAATTGGCACCAGGTTGACCGTCCTC
6561-a.06,6561-a,6561,144,IGL,CAGGTGCAGTTGCAGGAGTCGGGCCCAGGACTGGTGAAGCCTTCGGAGACCCTGTCCCTCACCTGCGCTGTCTCTGGTGGCTCCATCAGCAATAGTTACTACTGGAACTGGATCCGCCAACGCCCAGGGAAGGCACTGGAGTGGCTTGGCAATATCTATGGCTATAGTGACCGCATCTATCATAGTCCCGCCCTCAAGAGTCGAGTCAGCATTTCAAAGGACACGTCCAAAAACCAATTCTTCCTAAGCCTGAGGTCTGTGACCGCCGCGGACACGGCCATTTATTATTGTGTGAGAGATCGGTTGCTGGAAGAATATTACGAGGAAGATTACGATAATTGGTATCGAGCATTTGACGCATTGGAGGTCTGGGGCCGGGGACTTCTGGTCACCGTCTCCTCA,CAGCCTGTGGTGACTCAGTCGCCCTCTGCCTCTGCCTCCCTGGGAGCCTCGGTCAAGCTCACCTGCACTCTGAGCAGTGGACACTATGCCATCGCTTGGCATCAGCAGCACCAAGGGAAGGCCCCACGATTCTTAATGAGAGTTGACAGTGGTGGCAGCCACAGTAAGGGGGCCGGAATCCCTGATCGTTTTTCAGGCTCCAGTTCCGGGGCTGAGCGCTACCTCACCATTTCCAACCTCCAGTCTGAGGATGAGGCTGATTATTTCTGTCAGACCTGGACTACTGGCATTCATGTTTTCGGAATTGGCACCAGGTTGACCGTCCTC
6561-a.07,6561-a,6561,144,IGL,CCGGTGCAGCTGCAGGAGTCGGGCCCAGGACTGGTGAAGCCTTCGGAGACCCTGTCCCTCACCTGCGATGTCTCTGGTGGCTCCATCAGCGATAGTTACTACTGGAACTGGATCCGCCAACGCCCAGGGAAGACACTGGAGTGGCTTGGCAATATCTATGGCTATAGTGACCGCATCTATCACAGCCCCGCCCTCAAGAGTCGAGTCACCATTTCAAAGGACACGTCCAAAAACCAATTTTTCCTAAGCCTGAGGTCTGTGACCGCCGCGGACACGGCCGTGTATTATTGTGTGAGAGATCGCTTGCTGGAAGAATATTACGAGGAAGATTACGATAATTGGTATCGAGCATTTGACGCATTGGAGGTCTGGGGCCGGGGACTTCTGGTCACCGTCTCCTCA,CAGCCTGTGGTGACTCAGTCGCCCTCTGCCTCTGCCTCCCTGGGAGCCTCGGTCAAGCTCACCTGCACTCTGAGCAGTGGACACTATGCCATCGCTTGGCATCAGCAGCAGCAAGGGAAGGCCCCACGGTTCTTAATGAGAGTTGACAGTGGTGGCAGCCACAGCAAGGGGGCCGGAATCCCTGATCGTTTTTCAGGCTCCAGTTCCGGGGCTGAGCGCTACCTCACCATTTCCAACCTCCAGTCTGAGGATGAGGCTGATTATTTCTGTCAGACCTGGACTACTGGCATTCATGTTTTCGGAATTGGCACCAGGTTGACCGTCCTC
6561-a.08,6561-a,6561,144,IGL,CAGGTGCAGCTGCAGGAGTCGGGCCCAGGACTGGTGAAGCCTTCGGAGACCCTGTCCCTCACCTGCGATGTCTCTGGTGGCTCCATCAGCGGAAGTTACTACTGGAACTGGATCCGCCAACGCCCAGGGAAGGCACTGGAGTGGCTTGGCAATATCTATGGCTATAGTGACCGCATCTATCATAGCCCCGCCCTCAAGAGTCGAGTCACCATTTCAAAGGACACGTCCAAAAACCAATTCTTCCTAAGCCTGAGGTCTGTGACCGCCGCGGACACGGCCGTGTATTATTGTGTGAGAGATCGCTTGCTGGAAGAATATTACGAGGAAGATTACGATAATTGGTATCGAGCATTTGACGCATTGGAGGTCTGGGGCCGGGGACTTCTGGTCACCGTCTCCTCA,CAGCCTGTGGTGACTCAGTCGCCCTCTGCCTCTGCCTCCCTGGGAGCCTCGGTCAAGCTCACCTGCACTCTGAGCAGTGGACACTATGCCATCGCTTGGCATCAGCAGCAACAAGGGAAGGCCCCACGGTTCTTAATGAGACTTGACAGTGGTGGCAGCCACAGCAAGGGGGCCGGAATCCCTGATCGTTTTTCAGGCTCCAGTTCCGGGGCTGAGCGCTACCTCACCATTTCCAACCTCCAGTCTGAGGATGAGGCTGATTATTTCTGTCAGACCTGGACTACTGGCATTCATGTTTTCGGAATTGGCACCAGGTTGACCGTCCTC
6561-a.09,6561-a,6561,144,IGL,CAGGTGCAGTTGCAGGAGTCGGGCCCAGGACTGGTGAAGCCTCCGGAGACCCTGTCCCTCACCTGCACTGTCTCTGGTGGCTCCATCAGCGATAGGTACTACTGGAACTGGATCCGCCAACGCCCAGGGAAGCCACTGGAATGGCTTGGCAATATCTATGGCTATAGTGAACGTACCTATCACAACCCCTCCCTCAAGAGTCGAGTCACCATTTCAAAGGACACGTCCAAAAACCAATTCTTCCTAAACCTGAGGTCTGTGACCGCCGCGGACACGGCCCTATATTATTGTGTGAGAGATCGTTTACTGGAAGAATATTACGAGGAAGATTACGATAACTGGTATCGAGTATTTGACGCACTGGAGGTCTGGGGCCGGGGACTTCTGGTCACCGTCTCCTCA,CAGCCTGTGGTGACTCAGCCGCCCTCTGCCTCTGCCTCCCTGGGAGCCTCGGTCAAGCTCACCTGCACTCTGGGCAGTGGACACACCAACTACGCCATCGCATGGCATCAGCAGCAGCAAGGGAAGGCCCCACGGTTCTTAATGAGAGTTGAGAGTGGTGGCAGCCACAGCAAGGGGGACGGAATCCCTCATCGTTTTTCAGGCTCCAGCTCCGGGGCTGAGCGCTACCTCACCATTTCCAACCTCCAGTCTGAGGATGAGGCTGATTATTTCTGTCAGACCTGGACTACTGGCATTCATGTTTTCGGAATTGGCACCAAGTTGACCGTCCTC
6561-a.10,6561-a,6561,144,IGL,CAGGTGCAGCTGCAGGAGTCGGGCCCAGGACTGGTGAAGCCTTCGGAGACCCTGTCTCTCACCTGCACTGTCTCTGGTGCCTCCATCAGCGATAGATACTACTGGAACTGGATCCGCCAACGCCCAGGGAAGCCACTGGAATGGCTTGGCAATATCTATGGCTATAGTGAACGCACCTATCACAACCCCTCCCTCAAGAGTCGAGTCACCATTTCAAAGGACACGTCCAAAAACCAATTCTTCCTAAGCCTGAGGTCTGTGACCGCCGCGGACACGGCCGTGTATTACTGTGTGAGAGATCGGTTGCTGGAAGAATATTACGAGGAAGATTACGATAATTGGTATCGAGTATTTGACGCAGTGGAGGTCTGGGGCCGGGGACTTCTGGTCACCGTCTCCTCA,CAGCCTGTGGTGACTCAGTCGCCCTCTGCCTCTGCCTCCCTGGGAGCCTCGGTCAAGCTCACCTGCACTCTGGGCAGTGGACAGACCAACTACGCCATCGCATGGCATCAGCAGCAGCAAGGGAAGGCCCCACGGTTCTTAATGAGAGTTGATAGTGATGGCAGCCACAGCAAGGGGGGCGGAATCCCTCATCGTTTTTCAGGCTCCAGCTCCGGGACTGAGCGCTACCTCACCATTTCTAACCTCCAGTCTGAGGATGAGGCTGATTATTTCTGTCAGGCCTGGACTACTGGCATTCATGTCTTCGGAATTGGCACCAAGTTGACCGTCCTC
6561-a.11,6561-a,6561,144,IGL,CAGGTGCAGCTGCAGGAGTCGGGCCCAGGACTGGTGAAGCCTTCGGAGACCCTGTCCCTCACCTGCACTGTCTCTGGTGGCTCCATCAGCGATAGGTACTACTGGAACTGGGTCCGCCAACGCCCAGGGAAGCCACTGGAGTGGGTTGGCAATATCTATGGCTATAGTGAGCGCACCTATCACAACCCCTCCCTCAAGAGTCGAGTCACCATTTCAAAGGACACGTCCAAAAACCAATTGTTCCTAAGCCTGAGGTCTGTGACCGTCGCGGACACGGCCGTGTATTATTGTGTGAGAGATCGCTTGCTGGAAGAATATTACGAGGAAGATTACGATAACTGGTATCGAGTATTTGACGCATTGGAGGTCTGGGGCCGGGGACTTCTGGTCACCGTCTCCTCA,CAGCCTGTGGTGACTCAGTCGCCCTCTGCCTCTGCCTCCCTGGGAGCCTCGGTCAAGCTCACCTGCACTCTGGGCAGTGGACACACCAACTACGCCATCGCATGGCATCAGCAGAAGCAAGGGAAGGCCCCACGGTTCTTAATGAGAGTTGAGAGTTCTGGCAGCCACAGCAAGGGGGACGGAATCCCTCATCGTTTTTCGGGCTCCAGCTCCGGGGCTGAGCGCTACCTCACCATCTCCAACCTCCAGTCTGAGGATGAGGCTGATTATTTCTGTCAGACCTGGACTACTGGCACTCATGTTTTCGGAGTTGGCACCAAGTTGACCGTCCTC
6561-a.12,6561-a,6561,144,IGL,CAGGTGCAGCTGCAGGAGTCGGGCCCAGGACTGGTGAAGCCTTCGGAGACCCTGTCCCTCACCTGCAGAGTCTCTGGTGGCTCCATCAGCGATAGGTACTACTGGAATTGGATCCGCCAACGCCCAGGGAAGCCACTGGAATGGCTTGGCAATATCTATGGCTTTAGTGAGCGCACCTATCACAACCCCTCCCTCAAGAGTCGAGTCACCATTTCAAAGGACACGTCCAAAAACCAATTCTTCCTAAGTCTGAGTTCTGTGACCGTCGCGGACACGGCCGTGTATTACTGTGTGAGAGATCGCTTGCTGGAAGAATATTACGAGGAAGATTACGATAACTGGTATCGAGTATTTGACGCATTGGAGATCTGGGGCCGGGGACTTCTGGTCACCGTCTCCTCA,CAGCCTGTGGTGACTCAGTCGCCCTCTGCCTCTGCCTCCCTGGGAGCCTCGGTCAAGCTCACCTGCACTCTGGGCAGTGGAAACACCAACTACGCCATCGCATGGCATCAGCAGCAGGAAGGGAAGGCCCCACGGTTCTTAATGAGAGTTGAAAGTGGTGGCAGCCACAGCAAGGGGGACGGAATCCCTCATCGTTTTTCAGGCTCCAGTTCCGGGGCTGAGCGCTACCTCACCATCTCCAACCTCCAGTCTGAGGATGAGGCTGATTATTTCTGTCAGACCTGGACTACTGGCACTCATGTTTTCGGAGTTGGCACCAAGTTGACCGTCCTC
T646-a.01,T646-a,T646,40,IGL,CAGGTGCAGCTGCGGGAGTCGGGCCCAGGACTGGTGAAGCCTTCGGAGACCCTGTCCCTCACCTGCGCTGTCTCTGGTGCCTCCATCAGCGATGAATACTACTGGACCTGGATCCGCCAGCCCCCAGGGAGGGGACTGGAGTGGATTGGATACTTCTCTGGTCGTGATGGTTATCCCCACTACAATCGTTTCCTCGAGAGTCGAGTCACGATTTCAGTAGACACGTCCAAGAAACAGATCTCCCTGAGGCTGACTTCTGTGACCGCCGCGGACACGGCCGTGTATTTCTGTGCGAAAGCACCCCGCTCATTCTTATACGGCGATGATTACGGTGACTTTTACACCGAGTCCGACTACTTTGATTCCTGGGGCCAGGGAGTCCTGGTCACCGTCTCCTCAGCTAGC,CAGTCTGTGCTGACTCAGCCTCCCTCAGCGTCTGAGGCCGCCAGGAAGAGTGTCACCATTTCCTGTTCTGGAAGCAGCTCCAACATCGGAAGTAATAGTGTATCCTGGTACCAGCAGCTCCCAGAAACGGCTCCCAAACTCCTCATCTATAATAATAATCAGCGACCCTCAGGGGTCCCTGATCGATTCTCTGGCTCCAAGTCTGGCACGTCAGCCTCCCTGGCCATCAGTGGGCTCCAGACCGAGGATGAGGCTGATTATTACTGCGGCGCATGGGATGGTAGCCTGCGCGGTAATGTGTTCGGAAGTGGCACCAAGTTGACAGTACT
T646-a.02,T646-a,T646,40,IGL,CAGGTGCAGCTGCAGGTGTCGGGCCCAGGACTGGTGAAGCCTTCGGAGACCCTGACCCTCACCTGCGCTGTCTCTGGTGGCTCCATCCGCGATGAGTACTACTGGAGCTGGATCCGCCAACCCCCAGGGAAGGGCCTGGAGTGGATTGGCTACATCTCTGGTAGAGATGGATACACCAACTACAGTCCCTCCCTCAGGAGTCGAGTCACCTTTTCACTAGACACGTCCAAGAACCAGTTCTCCCTGAAACTGAACTCTGTGACCGCCGCGGACACGGCCGTGTATTTCTGTGCGAAAGCACCCCGCTCCTTCTTATACGGGGATGATTACGGTGACTTTTACAGCGAGTACGACTACTTTGACTCCTGGGGCCAGGGAGTCCTGGTCACCGTCTCCTCAGCTAGC,CAGTCTGTGCTGACTCAGCCTCCCTCAGCGTCTGAGGCCGCCAGGAAGAGTGTCACCATCTCCTGTTCTGGAAGCCGCTCCAACATCGGTATTACTACTGTATCCTGGTACCAGCAGCTCCCAGAAACGTCTCCCAAACTCCTCATCTTTAATAATAATCAGCGACCCTCAGGGGTCCCTGATCGATTCTCTGGCTCCAAGTCTGGCACGTCAGCCTCCCTGGCCATCAGTGGGCTCCAGACCGAGGATGAGGCTGATTATTACTGCGCAGTATGGGATGGTAGCCTGAGCAGTTATGTGTTCGGAAGTGGCACCAAGTTGACAGTACT
T646-a.03,T646-a,T646,40,IGL,CAGGTGCAGCTGCAGGTGTCGGGCCCAGGACTGGTGAAGCCTTCGGAGACCCTGACCCTCACCTGCGGTGTCTCTGGTGGCTCCATCCGCGATGAATTCTACTGGAGTTGGATCCGCCAACCCCCAGGGAAGGGACTGGAGTGGATTGGATACATCTCTGGTAGAGATGGATACACCAACTACAGTCCCTCCTTCAGGAGTCGAGTCACTTTTTCAATAGACACGTCCAAGAACCAGTTCTCCCTGAAACTGAACTCTGTGACCGCCGCGGACACGGCCGTGTATTTCTGTGCGAAAGCACCCCGCATCTTCTTATATGGGGATGATTACGGTGAATTTTATGGCGAGTCGGACTACTTTGATTCCTGGGGCCAGGGAGTCCTGGTCACCGTCTCCTCAGCTAGC,CAGTCTGTGCTGACTCAGCCTCCCTCAGCGTCTGAGGCCGCCAGGAAGAGTGTCACCATCTCCTGTTCTGGAAGCCGCTCCAACATCGGAGTTACTACTGTATCCTGGTACCAGCAGCTCCCAGAAGCGTCTCCCAAACTCCTCATCTTTAATAATAATCAGCGACCCTCAGGGGTCCCTGATCGATTCTCTGGCTCCAAGTCTGGCACGTCAGCCTCCCTGGCCATCAGTGGGCTCCAGACCGAGGATGAGGCTGATTATTACTGCGCAGCATGGGATAGTAGCCTGAGCGGTTATGTGTTCGGAAGTGGCACCAAGTTGACAGTACT
V031-a.01,V031-a,V031,72,IGK,CTTGTGACCTTGAAGGAGTCTGGTCCCGCGCTAGTGACACCCACGCAGACCCTCACGCTGACCTGCACCCTTTCTGGGTTCTCACTCACTACTACTGGAATGCGTGTGAATTGGATCCGTCAGGCCCCCGGAAAGGCCCTAGAGTGGCTTGCACGCATTGATTACAATGAAGCTCGATTTTACAGTTCGTCACTGAAGACCAGGCTCAGCATCTCCACGGACGCCTCCAAGAACCAGGTTGTCCTTAGAATGACCAACATGGCCCCTGTGGACACCGGCACATATTATTGTGCAAGGAGTCAGCAACACTATTACGAGGACGCTTACACTTTCGACTGGTATTATTTCCATTCGCGCGACAACGGTTTGGATTCCTGGGGCCAAGGGGTCGTCGTCACCGTCTCCTCA,GATATTGTGATGACCCAGACTCCACTCTCCCTGCCTGTCACCCCTGGAGAGCCGGCGTCCATCTCCTGCAGGTCTAGTCAGAGCCTCCTGGATAGTGATGGATACACTCATTTGAGTTGGTATCTGCAGAAGCCAGGCCAGTCTCCACAACTCCTTATCTCTTTGGTTTCCAACCGGGCCTCTGGAGTCCCGGACAGGTTCAGTGGCAGTGGGTCAGGCACTGATTTCACGCTGAAACTGAACAGGGTGGAGGCTGAGGATGTTGGACTTTATTATTGCATGCAGGGTCTGCAAACTCCCTACACTTTTGGCCAGGGGACCAAAGTGGAGATCAAA
V031-a.02,V031-a,V031,72,IGK,CTTGTGACCTTGAAGGAGACTGGTCCCGCGCTAGTGAAACCCACGCAGACCCTCACGCTGACCTGCGCCCTCTCTGGGTTCTCACTCAGCACTACTGGAATGCGTGTGCATTGGATCCGTCAGCCCCCAAACAAGGCCCTGGAGTGGCTTGCATACATTGATTGGAATTATGCTAAATTTTACAGTACATCTCTGAAGAACAGGCTCACCCTCTCCACGGACACCTCCAACCAGCAGGTTGTCCTTAGAATGACCAACATGGACCCTGTGGACACAGGCACATATTACTGTGCGCGGAGTCAGCGACAGTATTACGAGGATGCTTACAGTTTCGACTGGTATTATATGAATTCGCGCGACAACGGTTTGGATTCCTGGGGCCAAGGGGTCGTCGTCACCGTCTCCTCA,GATATTGTGATGACCCAGACTCCACTCTCCCTACCTGTCACCCCTGGAGAGCCGGCGTCCATCTCCTGCAGGTCTAGTCAGAGCCTCCTGGATGATGATGGATACACTCATTTGAGTTGGTATCTGCAGAAGCCAGGCCAGTCTCCACAACTCCTGATCTATTTGGTCTCCAACCGGGCCTCTGGAGTCCCGGACAGGTTCAGTGGCAGTGGGTCAGGCACTGATTTCACACTGAAAATGAGCAGGGTGGAGGCTGAGGATGTAGGGGTTTATTACTGCATGCAAGGTCTACACACTCCCCACACTTTTGGCCAGGGGACCAAAGTGGAGATCAAA
V031-a.03,V031-a,V031,72,,CTTGTGACCTTGAAGGAGTCTGGTCCCGCGCTAGTGAAACCCACGCAGACCCTCACGCTGACCTGCAATATTTCTGGATTCTCACTCACTACCACTGGAATGCGTGTGAATTGGATCCGTCAAACCCCCGGAAAGGCCCTAGAGTGGCTTGCACGGCTTGACTACAATGAAGCTCGATTTTACAGTTCGTCACTGAAGACCAGGCTCAGCATCTCCACGGACGCCTCCAAGAAACAGGTTGTCCTAAGGATGACCAACATGGCCCCTGTGGACACCGGCACATATTATTGTGTAAGGAGTCAGCAACACTATTACGAGGACGAATACAGTTTCGATTGGTATTATTTCCACTCGCGCGACAACGGTTTGGATTCCTGGGGCCAAGGGGTCGTCGTCACCGTCTCCTCA,
V033-a.01,V033-a,V033,24,IGK,GAGGTGCAGCTGGTGGAGTCTGGGGGCGGCCTGGCAAAGCCGGGGGGGTCCCTGAGACTCTCCTGTGCAGCCTCTGGATTCACCTTCAGTGATTTCTGGATGAATTGGGTCCGCCAGACTCCAGGGAAGGGGCTGGAGTGGATCTCAGGTATTAATAGTGGTGGGGGTTACACTTTCTACGCAGACTCCGTGAAGGGCCGATTCACCATCTCCAGAGACAACTCAAAGAACACCCTCTCCCTGCAAATGAACAGCCTGAGAGCTGAGGACACGGCCGTGTATTTCTGTGCTAGAGTCGACGGGGATGATTACGGTTACTTTGACACCGTCCCGGGTGATTCCAAGAAGTACTACTTTAAACACTGGGGCCCGGGAGTCCTGGTCACCGTCTCCTCA,GACATTCAGATGACCCAGTCTCCTTCCTCCCTGTCTGCATCTGTGGGAGACAAAGTCACCATCACTTGCCAGGCAAGTCAGAGTATTAACACCTGGTTAGCCTGGTTTCAGCGGAAACCAGGGAAAGCCCCTAAGTCCCTAATCTATAAGGCATCCAGTTTGGAAAGTGGGGTCCCCTCAAGGTTCAGCGGCAGTGGATCTGGGACAGATTTCACTCTCACCATCAACAGCCTGCAGCCTGAGGATTTTGCGACTTATTTTTGTCAACAGTATTATAGTGCGCCGTACAGTTTTGGCCAGGGGACCAAACTAGAGATCAAT
V033-a.02,V033-a,V033,24,IGK,GAGGTGCAGCTGGTGGAGTCTGGGGGCGGCCTGGCAAAGCCTGGGGGGTCCCTGAGACTCTCGTGTGCAGCCTCTGGATTCACCTTCAGTGATTTCTGGATGAATTGGGTCCGCCAGACTCCAGGGAAGGGGCTGGAGTGGATTTCAGGTATTAATAGTGGTGGGGGTTACACATTCTACGCAGACTCCGTGAAGGGCCGATTCACCATCTCCAGAGACAACTCAAAGAACACCCTCTCCCTGCAAATGAACAGCCTGAGAGCTGAGGACACGGCCGTGTATTACTGTGCTAGAGTCGACGGGGATGATTACGGTTACTTTGACACCGTCCCGGGTGATTCCAAGAAGTACTACTTTAAACACTGGGGCCCGGGAGTCCTGGTCACCGTCTCCTCA,GACATTCAGATGACCCAGTCTCCTTCCTCCCTGTCTGCATCTGTGGGAGACAAAGTCACCATCACTTGCCAGGCAAGTCAGAGTATTAACAGCTGGTTAGCCTGGTTTCAGCAGAAACCAGGGAAAGCCCCTAAGTCCCTAATTTATAAGGCATCCAGTTTGGAAAGTGGGGTCCCCTCAAGGTTCAGCGGCGGTGGATCTGGGACAGATTTCACTCTCACCATCAACAGCCTGCAGCCTGAGGATTTTGCGACTTATTTTTGTCAACAGTACTACAGTGTGCCGAACAGTTTTGGCCAGGGGACCAAACTGGAGATCAAA
V033-a.03,V033-a,V033,24,IGK,GAGGTGCAGCTGGTGGAGTCTGGGGGCGGCTTGGCAAAGCCTGGGGGGTCCCTGAGACTCTCCTGTGCAGCCTCTGGATTCACCTTCAGTGACTTCTGGATGAATTGGGTCCGCCAGACTCCAGGGAGGGGCCTGGAATGGATCTCAAGTATTAGTGGTGGTGGGGGTAGAACATATTATGCAGACTCCGTGAAGGGCCGATTCACCATCTCCAGAGACAACTCAAAGAACACCCTCTCCCTGCAAATGAACAGCCTGAGACCTGAGGACTCGGCCGTGTATTCTTGTGTTAGAGTCGACGGGGATGATTACGGATCCTTTGACACCGTCCCGGGTGATCTCAAGAAGTACTACTTTAAATTCTGGGGCCTGGGAGTCCTGGTCTCCGTCTCCTCA,GACATTCAGATGACCCAGTCTCCTTCCTCCCTGTCTGCATCTGTGGGAGACAAAGTCACCGTCACTTGCCAGGCAAGTCAGACTATTGGGATCTGGTTAGTCTGGTATCAGCAGAAACCAGGGAAAGCCCCTAAGTCCCTGATCTATAAGGCATCCAATTTGGAAAGTGGGGTCCCCTCAAGGTTCAGCGGCAGTGGATCTGGGACAGACTTCACTCTCACCATCAGCAGCCTGCAGCCTGAAGATTTTGCGACTTATTACTGTCAACAGTATAACAGTGCGCCGTACAGTTTTGGCCAGGGGACCAAAGTTGAGATCAAA
V033-a.04,V033-a,V033,24,IGK,GAGGTGCAGCTGGTGGAGTCTGGGGGCGGCTTGGCAAAGCCTGGGGGGTCCCTGAGACTCTCCTGTGCAGTCTCTGGATTCACCTTCCATGATTACTGGATGAATTGGGTCCGCCAGACTCCAGGGAAGGGGCTGGAGTGGATCTCAGGTATTAATAGTGCTGGGGGCTACTCATTCTACGCAGACTCCGTGAAGGGCCGATTCACCATCTCCAGAGACAACTCAAAGAACACGGTTTCCCTGCAAATGAACAACCTGAGACCTGAGGACACGGCCGTGTATTTCTGTGTTAGAGTCGACGGGGATGATTACGGTTCCTATCACACCGTCCCGGGTGATCTCAAGAAGTACTATTTTAAGTTTTGGGGCCAGGGAGTCCTGGTCACCGTCTCCTCA,GACATTCAGATGACCCAGTCTCCTTCCTCCCTGTCTGCATCTGTGGGAGACAAAGTCACCATCACTTGCCAGGCAAGTCAGACTATTAACAACTGGTTAGCCTGGTATCAGCAGAAACCAGGGAAAGCCCCTAAGTCCCTGATCTATAAGGCATCCAGTTTGGAAAGTGGGGTCCCCTCAAGGTTCAGCGGCACTGGATCTGGGACAGATTTCACTCTCACCATCAGCAGCCTGCAGCCTGAAGATTTTGCCACTTATTACTGTCAACAGTATCATAGTGCGCCGTACAGTTTTGGCCAGGGGACCAAAGTGGAGATCAAA
V033-a.05,V033-a,V033,24,IGK,GAGGTGCAGCTGGTGGAGTCTGGGGGCGGCCTGGCAAAGCCTGGGGGGTCCCTGAGACTCTCCTGTGCAGCCTCTGGATTCACCTTCAGTGATTTCTGGATGAATTGGGTCCGCCAGACTCCAGGGAAGGGGCTGGAGTGGATCTCAGGTATTAATAGTGCTGGGGGTTACACATTCTACGCAGACTCCGTGAAGGGCCGATTCACCATCTCCAGAGACAACTCAAAGAACACCCTCTCCCTGCGAATGAACAGCCTGAGCGCTGAGGACACGGCCGTGTATTACTGTGCTAGAGTCGACGGGGATGATTACGGTTACTTTGACACCGTCCCGGGTGATTCCAAGAAGTACTACTTTAAACACTGGGGCCCGGGAGTCCTGGTCACCGTCTCCTCA,GACATTCAGATGACCCAGTCTCCTTCCTCCCTGTCTGCATCTGTGGGAGACAAAGTCACCATCACTTGCCAGGCAAGTCAGAGTATTAACAGCTGGTTAGCCTGGTATCAGCAGAAACCAGGGAAAGCCCCTAAGTCCCTAATCTATAAGGCATCCAGTTTGGAAAGTGGGGTCCCCTCAAGGTTCAGCGGCAGTGGATCTGGGACAGATTTCACTCTCACCATCAACAGCCTGCAGCCTGAGGATTTTGCGACTTATTTTTGTCAACAGTACTACAGTGCGCCGTTCAGTTTTGGCCAGGGGACCAAACTGGAGATCAAA
V033-a.06,V033-a,V033,24,IGK,GAGGTGCAGCTGGTGGAGTCTGGGGGCGGCTTGGGCAAGCCTGGGGGGTCCCTGAGACTCTCCTGTGCAGCCTCCGGATTCACCTTCAGTAGCTTCTGGATGAATTGGGTCCGCCAGACTCCAGGGAAGGGGCTGGAATGGATCTCAGGTATTAATAGTGGTGGGGGTAGAACATACTACGCAGACTCCGTGAAGGGCCGCTTCACCATATCCAGAGACAATTCAAAGAACACGGTCTCCCTGCAAATGAACAGCCTGAGAACTGAGGACACGGCCGTCTATTACTGTGCTAGAGCCGACGACGATGATTACGGTTACTTTGACACCGTCCCGGGTGATTTGAAGAAGTATTATTTTAAACACTGGGGCCAGGGAGTCCTGGTCACCGTCTCCTCA,GACATTCAGATGACCCAGTCTCCTTCCTCCCTGTCTGCATCTGTGGGAGACAAAGTCACCATCACTTGCCAGGCAAGTCAGAGTATTAGTAGGTGGTTAGTCTGGTATCAGCAGAAACCAGGGAGAGCCCCTAAGTCCCTGATCTATAAGGCATCCAGTTTGGAAAGTGGGGTCCCCTCAAGGTTCAGCGGCAGTGGATCTGGGACAGATTTCACTCTCACCATCAGCAGCCTGCAGCCTGAAGATTTTGCAACTTATTACTGTCAACAGTATAATAGTGCGCCGTACAATTTTGGCCAGGGGACCAAAGTGGAGATCAAA
V033-a.07,V033-a,V033,24,IGK,GAGGTGCAGCTGGTGGAGTCTGGGGGCGGCTTGGCAAAGCCTGGGGGGTCCCTGAGACTCTCCTGTGCAGCCTCTGGATTCACCTTCAGTAACTACTGGATGAATTGGGTCCGCCAGACTCCAGGGAAGGGGCTGGAATGGATCTCAGGTATTAATAGTGGTGGGGGTAGGACATACTACGCAGACTCCGTGAAGGGCCGATTCACCATCTCCAGAGACAACTCAAAGAACACGCTCTCCCTGCAAATGAACAGCCTGAGAGCTGAGGACACGGCCGTGTATCACTGTGCTAGAGTCGACGCGGATGATTACGGTTACTATGACACCGTCCCGGGTGATTTGAAGAGGTACTACTTTAAACACTGGGGCCAGGGAGTCCTGGTCGCCGTCTCCTCA,GACATTCAGATGACCCAGTCTCCTTCCTCCCTGTCTGCATCTGTGGGAGACAAAGTCACCATCACTTGTCAGGCAAGTCAGAGTATTAGCAGCTGGTTAGCCTGGTTTCAGCAGAAACCAGGGAAAGCCCCTAAGTCCCTGATCTATAAGACATCCACTTTGGAAAGTGGGGTCCCCTCAAGGTTCAGCGGCAGTGGATCTGGGACAGATTTCACTCTCACCATCAGCGGCCTGCAGCCTGAAGATTTTGCAACTTATTTCTGTCAACAGTATAATAGTGCGCCGTACACTTTTGGCCAGGGGACCAAAGTGGAGATCGAA
