subject,gene,gene_sequence,candidate_sequence,candidate_subsequence,candidate_subsequence_fract,gene_subsequence_fract,candidate_matches_total,exp_count,exp_unique_CDR3,exp_unique_V,exp_unique_J
6070,IGHD1-1*01,GGTATAGCTGGAACTAT,AGCTGGAACTAT,AGCTGGAACTAT,1.00,0.71,2,11340,2253,43,8
6070,IGHD1-1*01_Ramesh,GGTACAGCTGGAACTAT,AGCTGGAACTAT,AGCTGGAACTAT,1.00,0.71,2,,,,
6070,IGHD1-2*01,GGTATAACTGGAACGAC,GTATAACTGGAACGAC,GTATAACTGGAACGAC,1.00,0.94,1,11167,2082,41,8
6070,IGHD1-3*01,GGTATAGCTGGAACGAC,,,,,,4065,815,38,8
6070,IGHD1-39*01_Ramesh,GGTATAGTGGGAACTACAAC,,,,,,,,,
6070,IGHD1-4*01,GATATAGCTGGAACAAC,TATAGCTGGAACAAC,TATAGCTGGAACAAC,1.00,0.88,1,8211,1577,42,8
6070,IGHD1-5*01,GGTATAACTGGAACTAC,,,,,,731,164,28,8
6070,IGHD1-6*01,GGTATAACTGGAATGAC,,,,,,1840,364,36,8
6070,IGHD1-7*01,GGAACACCTGGAACGAC,,,,,,4832,859,37,8
6070,IGHD1-8*01,GGTATAGTGGGAGCTACAAC,ATAGTGGGAGCTAC,ATAGTGGGAGCTAC,1.00,0.70,1,23503,4516,44,8
6070,IGHD2-10*01,AGAATATTGTAGTAGTACTTACTGCTCCTCC,ATATTGTAGTAGTACTTACTGCTCCTC,ATATTGTAGTAGTACTTACTGCTCCTC,1.00,0.87,1,19552,3998,41,8
6070,IGHD2-10*01_S295,AGAATATTGTAGTAGTACTTACTGCTACGCC,,,,,,,,,
6070,IGHD2-10*01_S8741,AGCATATTGTAGTGGTACTTACTGCTCCTCC,,,,,,,,,
6070,IGHD2-11*01,AGAATACTGTACTGGTAGTGGTTGCTACGCC,ATACTGTACTGGTAGTGGTTGCTACG,ATACTGTACTGGTAGTGGTTGCTACG,1.00,0.84,1,20804,4062,43,8
6070,IGHD2-11*01_S1259,AGAATACTGTACTGGTAGTGGTTGCTATGCC,,,,,,,,,
6070,IGHD2-12*01,AGAATATTGTAGTGGTATTTACTGCTATGCC,ATTGTAGTGGTATTTACTGCTAT,ATTGTAGTGGTATTTACTGCTAT,1.00,0.74,1,6652,1346,39,8
6070,IGHD2-13*01,AGCACACTGTAGTGATAGTGGCTGCTCCTCC,,,,,,5026,1190,37,8
6070,IGHD2-14*01,AGCATATTGTAGTCGTGGTGTCTGCTACGCC,,,,,,4352,954,38,8
6070,IGHD2-14*02_S0040,AGCATATTGTAGTGGTACTTACTGCTACGCC,,,,,,,,,
6070,IGHD2-14*02_S0100,AGGATATTGTAGTGGTGGTGTCTGCTACACC,GGATATTGTAGTGGTGGTGTCTGCTAC,GGATATTGTAGTGGTGGTGTCTGCTAC,1.00,0.87,1,8532,1789,42,8
6070,IGHD2-14*02_S1717,AGGATATTGTAGTGGTGGTGTCTGCTATGCC,,,,,,,,,
6070,IGHD2-9*01,AGGATATTGTACTAGTACTACTTGCTATGCC,ATATTGTACTAGTACTACTTGCTAT,ATATTGTACTAGTACTACTTGCTAT,1.00,0.81,1,8229,1530,40,8
6070,IGHD3-15*01,GTATTACGAGGATGATTACGGTTACTATTACACC,ATTACGAGGATGATTACGGTTACTATTACACC,ATTACGAGGATGATTACGGTTACTATTACACC,1.00,0.94,1,26690,5699,44,8
6070,IGHD3-16*01,GTATTACTATAGTGGTAGTTATTACTAC,ATTACTATAGTGGTAGTTATTACTAC,ATTACTATAGTGGTAGTTATTACTAC,1.00,0.93,1,33760,6099,41,8
6070,IGHD3-17*01,GTACTGGGGTGATTATTATGAC,CTGGGGTGATTATTATG,CTGGGGTGATTATTATG,1.00,0.77,1,20246,3631,43,8
6070,IGHD3-18*01,GTATTACTATGGTAGTGGTTATTACACC,ATTACTATGGTAGTGGTTATTA,ATTACTATGGTAGTGGTTATTA,1.00,0.79,1,22327,4096,42,8
6070,IGHD3-18*01,GTATTACTATGGTAGTGGTTATTACACC,TAGTGGTTATTACACCG,TAGTGGTTATTACACC,0.94,0.57,2,22327,4096,42,8
6070,IGHD3-19*02_S4720,GTACTGGAGTGATTATTATGAC,,,,,,1530,431,37,8
6070,IGHD3-20*01,GTATTACGATTACGATATTAGTAGTCGATATTAAACC,,,,,,3670,783,38,8
6070,IGHD3-26*02_Ramesh,GTATTACTATGATAGTGGTTATTACACC,TAGTGGTTATTACACCG,TAGTGGTTATTACACC,0.94,0.57,2,,,,
6070,IGHD3-26*02_Ramesh,GTATTACTATGATAGTGGTTATTACACC,TTACTATGATAGTGGTTAT,TTACTATGATAGTGGTTAT,1.00,0.68,1,,,,
6070,IGHD3-41*01,GTATTACAATATTTGGACTGGTTATTATACC,ATTACAATATTTGGACTGGTTATTAT,ATTACAATATTTGGACTGGTTATTAT,1.00,0.84,1,24552,4964,43,8
6070,IGHD3-41*01_S1308,GTATTACAATATTTGGACTGGTTATTACACC,,,,,,,,,
6070,IGHD3-41*01_S1524,GTATTACAATATTTGGAGTGGTTATTACACC,,,,,,,,,
6070,IGHD3-41*01_S4389,GTATTACAATTTTTGGACTGGTTATTATACC,,,,,,,,,
6070,IGHD3-41*01_S8240,GTATTACAATTTTTGGAGTGGTTATTACACC,ATTACAATTTTTGGAGTGGTTATTAC,ATTACAATTTTTGGAGTGGTTATTAC,1.00,0.84,1,9477,1970,38,8
6070,IGHD4-21*01,TGACTACCATAACTA,,,,,,1837,369,34,8
6070,IGHD4-23*01,TGAATACAGTAACTAC,ATACAGTAACTACG,ATACAGTAACTAC,0.93,0.81,1,21281,3677,42,8
6070,IGHD4-24*01,TGACTACGGTAGCAACTAC,CTACGGTAGCAACT,CTACGGTAGCAACT,1.00,0.74,1,23532,4267,42,8
6070,IGHD4-25*01,TGACTACGGTAACTAC,,,,,,5915,1138,42,8
6070,IGHD4-27*02_Ramesh,TGACTACGGTAGCAGCTAC,,,,,,,,,
6070,IGHD5-27*01,GTGGATACAGTGGGTACAGTTAC,GGATACAGTGGGTACAGTT,GGATACAGTGGGTACAGTT,1.00,0.83,2,16612,3003,41,8
6070,IGHD5-28*01,GTGGATACAGCTACAGTTAC,GTGGATACAGCTACAGTT,GTGGATACAGCTACAGTT,1.00,0.90,2,13802,2398,37,8
6070,IGHD5-29*01,GTGGATACAGCTACAGTTACCACAGTTTTGCCACC,GTGGATACAGCTACAGTT,GTGGATACAGCTACAGTT,1.00,0.51,2,2295,507,36,8
6070,IGHD5-31*01,GTGGATATAGCTACGGTTAC,,,,,,2828,592,38,8
6070,IGHD5-32*01,GGGGATACAGTGGGTACAGTTAC,GGATACAGTGGGTACAGTT,GGATACAGTGGGTACAGTT,1.00,0.83,2,5772,960,36,8
6070,IGHD5-32*01_S0263,GGAGATACAGTGGGTACAGTTAC,,,,,,,,,
6070,IGHD5-32*01_S0995,GGGGATACAGCGGGTACAGTTAC,GATACAGCGGGTACAGT,GATACAGCGGGTACAGT,1.00,0.74,2,11071,2166,38,8
6070,IGHD5-32*01_S2987,GGAGATACAGCGGGTACAGTTAC,GATACAGCGGGTACAGT,GATACAGCGGGTACAGT,1.00,0.74,2,,,,
6070,IGHD6-33*01,GGGTATAGCAGCGGCTGGTAC,GGGTATAGCAGC,GGGTATAGCAGC,1.00,0.57,5,41297,7438,44,8
6070,IGHD6-34*01,GGGTATAGCAGCTGGTCC,GGGTATAGCAGC,GGGTATAGCAGC,1.00,0.67,5,24882,4285,43,8
6070,IGHD6-35*01,GGGTATAGCAGCAGATCC,GGGTATAGCAGC,GGGTATAGCAGC,1.00,0.67,5,3573,697,36,8
6070,IGHD6-36*01,GGGTATAGCGGCAGCTGGAAC,GTATAGCGGCAGCTGGAAC,GTATAGCGGCAGCTGGAAC,1.00,0.90,1,47599,8642,44,8
6070,IGHD6-38*01,GGGTATAGCGGTGGCTGGTCC,,,,,,4894,1007,35,8
6070,IGHD6-38*01_S4618,GGGTATAGTGGTGGCTGGTCC,,,,,,1217,264,30,8
6070,IGHD6-39*01,GGGTATAGCAGCAGCTAC,ATAGCAGCAGCTAC,ATAGCAGCAGCTAC,1.00,0.78,1,8882,1527,38,8
6070,IGHD6-39*01,GGGTATAGCAGCAGCTAC,GGGTATAGCAGC,GGGTATAGCAGC,1.00,0.67,5,8882,1527,38,8
6070,IGHD6-39*01_S0850,GGGTATAGCAGCTAC,GGGTATAGCAGC,GGGTATAGCAGC,1.00,0.80,5,,,,
6070,IGHD7-40*01,CTAACTGGGGA,,,,,,4201,666,35,8
6561,IGHD1-1*01,GGTATAGCTGGAACTAT,,,,,,6575,799,96,7
6561,IGHD1-1*01_Ramesh,GGTACAGCTGGAACTAT,,,,,,,,,
6561,IGHD1-2*01,GGTATAACTGGAACGAC,,,,,,5488,703,93,7
6561,IGHD1-3*01,GGTATAGCTGGAACGAC,,,,,,2777,323,73,7
6561,IGHD1-39*01_Ramesh,GGTATAGTGGGAACTACAAC,ATAGTGGGAACTAC,ATAGTGGGAACTAC,1.00,0.70,1,,,,
6561,IGHD1-4*01,GATATAGCTGGAACAAC,ATAGCTGGAACAAC,ATAGCTGGAACAAC,1.00,0.82,1,7684,832,93,7
6561,IGHD1-5*01,GGTATAACTGGAACTAC,,,,,,601,78,33,6
6561,IGHD1-6*01,GGTATAACTGGAATGAC,,,,,,1284,166,56,7
6561,IGHD1-7*01,GGAACACCTGGAACGAC,,,,,,2819,343,67,7
6561,IGHD1-8*01,GGTATAGTGGGAGCTACAAC,,,,,,9330,1149,102,7
6561,IGHD2-10*01,AGAATATTGTAGTAGTACTTACTGCTCCTCC,ATATTGTAGTAGTACTTACTGCTCCTC,ATATTGTAGTAGTACTTACTGCTCCTC,1.00,0.87,1,13879,1677,105,7
6561,IGHD2-10*01_S295,AGAATATTGTAGTAGTACTTACTGCTACGCC,,,,,,,,,
6561,IGHD2-10*01_S8741,AGCATATTGTAGTGGTACTTACTGCTCCTCC,,,,,,,,,
6561,IGHD2-11*01,AGAATACTGTACTGGTAGTGGTTGCTACGCC,TACTGTACTGGTAGTGGTTGCTAC,TACTGTACTGGTAGTGGTTGCTAC,1.00,0.77,1,7094,849,92,7
6561,IGHD2-11*01_S1259,AGAATACTGTACTGGTAGTGGTTGCTATGCC,,,,,,,,,
6561,IGHD2-12*01,AGAATATTGTAGTGGTATTTACTGCTATGCC,TATTGTAGTGGTATTTACTGCTATG,TATTGTAGTGGTATTTACTGCTATG,1.00,0.81,1,9363,1129,96,7
6561,IGHD2-13*01,AGCACACTGTAGTGATAGTGGCTGCTCCTCC,CACACTGTAGTGATAGTGGCTGCTCC,CACACTGTAGTGATAGTGGCTGCTCC,1.00,0.84,1,4685,635,91,7
6561,IGHD2-14*01,AGCATATTGTAGTCGTGGTGTCTGCTACGCC,,,,,,3861,532,87,7
6561,IGHD2-14*02_S0040,AGCATATTGTAGTGGTACTTACTGCTACGCC,,,,,,,,,
6561,IGHD2-14*02_S0100,AGGATATTGTAGTGGTGGTGTCTGCTACACC,TATTGTAGTGGTGGTGTCTGCTACG,TATTGTAGTGGTGGTGTCTGCTAC,0.96,0.77,1,5988,786,86,7
6561,IGHD2-14*02_S1717,AGGATATTGTAGTGGTGGTGTCTGCTATGCC,,,,,,,,,
6561,IGHD2-9*01,AGGATATTGTACTAGTACTACTTGCTATGCC,,,,,,2721,337,68,7
6561,IGHD3-15*01,GTATTACGAGGATGATTACGGTTACTATTACACC,TTACGAGGATGATTACGGTTACTATTACACCG,TTACGAGGATGATTACGGTTACTATTACACC,0.97,0.91,1,16058,2116,105,7
6561,IGHD3-16*01,GTATTACTATAGTGGTAGTTATTACTAC,ATTACTATAGTGGTAGTTATTAC,ATTACTATAGTGGTAGTTATTAC,1.00,0.82,1,19080,2310,102,7
6561,IGHD3-17*01,GTACTGGGGTGATTATTATGAC,ACTGGGGTGATTATTA,ACTGGGGTGATTATTA,1.00,0.73,1,13462,1596,100,7
6561,IGHD3-18*01,GTATTACTATGGTAGTGGTTATTACACC,,,,,,25033,2948,106,7
6561,IGHD3-19*02_S4720,GTACTGGAGTGATTATTATGAC,,,,,,1197,159,59,7
6561,IGHD3-20*01,GTATTACGATTACGATATTAGTAGTCGATATTAAACC,,,,,,2599,354,72,7
6561,IGHD3-26*02_Ramesh,GTATTACTATGATAGTGGTTATTACACC,GTATTACTATGATAGTGGTTATTAC,GTATTACTATGATAGTGGTTATTAC,1.00,0.89,1,,,,
6561,IGHD3-41*01,GTATTACAATATTTGGACTGGTTATTATACC,,,,,,3169,384,77,7
6561,IGHD3-41*01_S1308,GTATTACAATATTTGGACTGGTTATTACACC,,,,,,,,,
6561,IGHD3-41*01_S1524,GTATTACAATATTTGGAGTGGTTATTACACC,,,,,,2778,371,74,7
6561,IGHD3-41*01_S4389,GTATTACAATTTTTGGACTGGTTATTATACC,,,,,,1043,134,44,7
6561,IGHD3-41*01_S8240,GTATTACAATTTTTGGAGTGGTTATTACACC,ATTACAATTTTTGGAGTGGTTATT,ATTACAATTTTTGGAGTGGTTATT,1.00,0.77,1,4960,664,82,7
6561,IGHD4-21*01,TGACTACCATAACTA,,,,,,1405,168,52,7
6561,IGHD4-23*01,TGAATACAGTAACTAC,,,,,,5376,614,92,7
6561,IGHD4-24*01,TGACTACGGTAGCAACTAC,,,,,,25860,2847,107,7
6561,IGHD4-25*01,TGACTACGGTAACTAC,,,,,,3870,474,81,7
6561,IGHD4-27*02_Ramesh,TGACTACGGTAGCAGCTAC,GACTACGGTAGCAGCTAC,GACTACGGTAGCAGCTAC,1.00,0.95,1,,,,
6561,IGHD5-27*01,GTGGATACAGTGGGTACAGTTAC,GGATACAGTGGGTACAGTT,GGATACAGTGGGTACAGTT,1.00,0.83,2,12708,1531,102,7
6561,IGHD5-28*01,GTGGATACAGCTACAGTTAC,GGATACAGCTACAGTTA,GGATACAGCTACAGTTA,1.00,0.85,2,5596,666,94,7
6561,IGHD5-29*01,GTGGATACAGCTACAGTTACCACAGTTTTGCCACC,GGATACAGCTACAGTTA,GGATACAGCTACAGTTA,1.00,0.49,2,2143,266,68,7
6561,IGHD5-31*01,GTGGATATAGCTACGGTTAC,,,,,,1888,221,62,7
6561,IGHD5-32*01,GGGGATACAGTGGGTACAGTTAC,GGATACAGTGGGTACAGTT,GGATACAGTGGGTACAGTT,1.00,0.83,2,3099,367,79,7
6561,IGHD5-32*01_S0263,GGAGATACAGTGGGTACAGTTAC,,,,,,,,,
6561,IGHD5-32*01_S0995,GGGGATACAGCGGGTACAGTTAC,GATACAGCGGGTACAGTT,GATACAGCGGGTACAGTT,1.00,0.78,2,5583,688,94,7
6561,IGHD5-32*01_S2987,GGAGATACAGCGGGTACAGTTAC,GATACAGCGGGTACAGTT,GATACAGCGGGTACAGTT,1.00,0.78,2,,,,
6561,IGHD6-33*01,GGGTATAGCAGCGGCTGGTAC,GTATAGCAGCGGCTGGTC,GTATAGCAGCGGCTGGT,0.94,0.81,1,36268,4100,109,7
6561,IGHD6-34*01,GGGTATAGCAGCTGGTCC,GTATAGCAGCTGGTC,GTATAGCAGCTGGTC,1.00,0.83,1,17761,1959,104,7
6561,IGHD6-35*01,GGGTATAGCAGCAGATCC,,,,,,2485,294,67,7
6561,IGHD6-36*01,GGGTATAGCGGCAGCTGGAAC,GTATAGCGGCAGCTGGAA,GTATAGCGGCAGCTGGAA,1.00,0.86,1,19512,2339,108,7
6561,IGHD6-38*01,GGGTATAGCGGTGGCTGGTCC,,,,,,6215,737,96,7
6561,IGHD6-38*01_S4618,GGGTATAGTGGTGGCTGGTCC,,,,,,,,,
6561,IGHD6-39*01,GGGTATAGCAGCAGCTAC,AGCAGCAGCTAC,AGCAGCAGCTAC,1.00,0.67,1,4734,556,85,7
6561,IGHD6-39*01_S0850,GGGTATAGCAGCTAC,,,,,,1991,213,61,7
6561,IGHD7-40*01,CTAACTGGGGA,,,,,,2870,297,74,6
40591,IGHD1-1*01,GGTATAGCTGGAACTAT,GGTATAGCTGGAAC,GGTATAGCTGGAAC,1.00,0.82,2,29512,5939,89,30
40591,IGHD1-1*01_Ramesh,GGTACAGCTGGAACTAT,ACAGCTGGAACTAT,ACAGCTGGAACTAT,1.00,0.82,1,,,,
40591,IGHD1-2*01,GGTATAACTGGAACGAC,GTATAACTGGAACGACG,GTATAACTGGAACGAC,0.94,0.94,1,23496,4831,88,26
40591,IGHD1-3*01,GGTATAGCTGGAACGAC,GGTATAGCTGGAAC,GGTATAGCTGGAAC,1.00,0.82,2,7993,1622,76,20
40591,IGHD1-39*01_Ramesh,GGTATAGTGGGAACTACAAC,,,,,,,,,
40591,IGHD1-4*01,GATATAGCTGGAACAAC,,,,,,14477,2932,80,18
40591,IGHD1-5*01,GGTATAACTGGAACTAC,GTATAACTGGAACTACG,GTATAACTGGAACTAC,0.94,0.94,1,16228,3264,80,23
40591,IGHD1-6*01,GGTATAACTGGAATGAC,,,,,,4037,860,72,14
40591,IGHD1-7*01,GGAACACCTGGAACGAC,,,,,,6217,1313,78,17
40591,IGHD1-8*01,GGTATAGTGGGAGCTACAAC,,,,,,29673,6199,87,26
40591,IGHD2-10*01,AGAATATTGTAGTAGTACTTACTGCTCCTCC,GAATATTGTAGTAGTACTTACTGCTCCTC,GAATATTGTAGTAGTACTTACTGCTCCTC,1.00,0.94,1,35221,7632,90,29
40591,IGHD2-10*01_S295,AGAATATTGTAGTAGTACTTACTGCTACGCC,,,,,,,,,
40591,IGHD2-10*01_S8741,AGCATATTGTAGTGGTACTTACTGCTCCTCC,,,,,,,,,
40591,IGHD2-11*01,AGAATACTGTACTGGTAGTGGTTGCTACGCC,GAATACTGTACTGGTAGTGGTTGCTA,GAATACTGTACTGGTAGTGGTTGCTA,1.00,0.84,2,33070,6915,88,30
40591,IGHD2-11*01_S1259,AGAATACTGTACTGGTAGTGGTTGCTATGCC,GAATACTGTACTGGTAGTGGTTGCTA,GAATACTGTACTGGTAGTGGTTGCTA,1.00,0.84,2,12516,2619,78,24
40591,IGHD2-12*01,AGAATATTGTAGTGGTATTTACTGCTATGCC,GAATATTGTAGTGGTATTTACTGCTATG,GAATATTGTAGTGGTATTTACTGCTATG,1.00,0.90,1,23243,4732,79,26
40591,IGHD2-13*01,AGCACACTGTAGTGATAGTGGCTGCTCCTCC,GCACACTGTAGTGATAGTGGCTGCTCCTC,GCACACTGTAGTGATAGTGGCTGCTCCTC,1.00,0.94,1,14508,3219,85,25
40591,IGHD2-14*01,AGCATATTGTAGTCGTGGTGTCTGCTACGCC,,,,,,8809,1864,82,25
40591,IGHD2-14*02_S0040,AGCATATTGTAGTGGTACTTACTGCTACGCC,,,,,,,,,
40591,IGHD2-14*02_S0100,AGGATATTGTAGTGGTGGTGTCTGCTACACC,GGATATTGTAGTGGTGGTGTCTGCTACG,GGATATTGTAGTGGTGGTGTCTGCTAC,0.96,0.87,1,17557,3727,87,18
40591,IGHD2-14*02_S1717,AGGATATTGTAGTGGTGGTGTCTGCTATGCC,,,,,,,,,
40591,IGHD2-9*01,AGGATATTGTACTAGTACTACTTGCTATGCC,GGATATTGTACTAGTACTACTTGCTATG,GGATATTGTACTAGTACTACTTGCTATG,1.00,0.90,1,14877,3148,83,20
40591,IGHD3-15*01,GTATTACGAGGATGATTACGGTTACTATTACACC,GTATTACGAGGATGATTACGGTTACTATTACACCG,GTATTACGAGGATGATTACGGTTACTATTACACC,0.97,1.00,1,60499,13078,90,27
40591,IGHD3-16*01,GTATTACTATAGTGGTAGTTATTACTAC,GTATTACTATAGTGGTAGTTATTACTAC,GTATTACTATAGTGGTAGTTATTACTAC,1.00,1.00,1,60033,11989,88,28
40591,IGHD3-17*01,GTACTGGGGTGATTATTATGAC,GTACTGGGGTGATTATTATGA,GTACTGGGGTGATTATTATGA,1.00,0.95,1,53653,10644,89,28
40591,IGHD3-18*01,GTATTACTATGGTAGTGGTTATTACACC,,,,,,81496,16755,89,31
40591,IGHD3-19*02_S4720,GTACTGGAGTGATTATTATGAC,,,,,,4097,1012,78,11
40591,IGHD3-20*01,GTATTACGATTACGATATTAGTAGTCGATATTAAACC,,,,,,7878,1728,80,16
40591,IGHD3-26*02_Ramesh,GTATTACTATGATAGTGGTTATTACACC,ACGTATTACTATGATAGTGGTTATTAC,GTATTACTATGATAGTGGTTATTAC,0.93,0.89,1,,,,
40591,IGHD3-41*01,GTATTACAATATTTGGACTGGTTATTATACC,GTATTACAATATTTGGACTGGTTATTATAC,GTATTACAATATTTGGACTGGTTATTATAC,1.00,0.97,1,58943,12549,85,24
40591,IGHD3-41*01_S1308,GTATTACAATATTTGGACTGGTTATTACACC,,,,,,,,,
40591,IGHD3-41*01_S1524,GTATTACAATATTTGGAGTGGTTATTACACC,,,,,,,,,
40591,IGHD3-41*01_S4389,GTATTACAATTTTTGGACTGGTTATTATACC,,,,,,,,,
40591,IGHD3-41*01_S8240,GTATTACAATTTTTGGAGTGGTTATTACACC,GTATTACAATTTTTGGAGTGGTTATTAC,GTATTACAATTTTTGGAGTGGTTATTAC,1.00,0.90,1,18690,4109,64,22
40591,IGHD4-21*01,TGACTACCATAACTA,,,,,,3609,693,71,14
40591,IGHD4-23*01,TGAATACAGTAACTAC,GAATACAGTAACTACG,GAATACAGTAACTAC,0.94,0.94,1,39695,7729,86,29
40591,IGHD4-24*01,TGACTACGGTAGCAACTAC,,,,,,77407,14807,90,30
40591,IGHD4-25*01,TGACTACGGTAACTAC,GACTACGGTAACTAC,GACTACGGTAACTAC,1.00,0.94,1,15982,3193,80,24
40591,IGHD4-27*02_Ramesh,TGACTACGGTAGCAGCTAC,GACTACGGTAGCAGCTACG,GACTACGGTAGCAGCTAC,0.95,0.95,1,,,,
40591,IGHD5-27*01,GTGGATACAGTGGGTACAGTTAC,CGTGGATACAGTGGGTACAGTT,GTGGATACAGTGGGTACAGTT,0.95,0.91,1,35281,7031,85,25
40591,IGHD5-28*01,GTGGATACAGCTACAGTTAC,GTGGATACAGCTACAGTTAC,GTGGATACAGCTACAGTTAC,1.00,1.00,2,19783,4046,85,18
40591,IGHD5-29*01,GTGGATACAGCTACAGTTACCACAGTTTTGCCACC,GTGGATACAGCTACAGTTAC,GTGGATACAGCTACAGTTAC,1.00,0.57,2,5282,1157,78,13
40591,IGHD5-31*01,GTGGATATAGCTACGGTTAC,,,,,,5896,1220,76,15
40591,IGHD5-32*01,GGGGATACAGTGGGTACAGTTAC,,,,,,11122,2213,82,20
40591,IGHD5-32*01_S0263,GGAGATACAGTGGGTACAGTTAC,,,,,,,,,
40591,IGHD5-32*01_S0995,GGGGATACAGCGGGTACAGTTAC,GGGGATACAGCGGGTACAGTT,GGGGATACAGCGGGTACAGTT,1.00,0.91,1,21624,4294,86,20
40591,IGHD5-32*01_S2987,GGAGATACAGCGGGTACAGTTAC,,,,,,,,,
40591,IGHD6-33*01,GGGTATAGCAGCGGCTGGTAC,GGGTATAGCAGCGGCTGGTAC,GGGTATAGCAGCGGCTGGTAC,1.00,1.00,1,91715,18094,90,31
40591,IGHD6-34*01,GGGTATAGCAGCTGGTCC,GGGTATAGCAGCTGGTC,GGGTATAGCAGCTGGTC,1.00,0.94,1,44035,8656,86,29
40591,IGHD6-35*01,GGGTATAGCAGCAGATCC,,,,,,6855,1440,81,21
40591,IGHD6-36*01,GGGTATAGCGGCAGCTGGAAC,GGGTATAGCGGCAGCTGGAAC,GGGTATAGCGGCAGCTGGAAC,1.00,1.00,1,67228,13410,89,29
40591,IGHD6-38*01,GGGTATAGCGGTGGCTGGTCC,,,,,,10441,2251,83,22
40591,IGHD6-38*01_S4618,GGGTATAGTGGTGGCTGGTCC,,,,,,2465,522,66,13
40591,IGHD6-39*01,GGGTATAGCAGCAGCTAC,GTATAGCAGCAGCTAC,GTATAGCAGCAGCTAC,1.00,0.89,1,13520,2650,79,24
40591,IGHD6-39*01_S0850,GGGTATAGCAGCTAC,,,,,,6254,1195,73,21
40591,IGHD7-40*01,CTAACTGGGGA,,,,,,7528,1384,78,13
41328,IGHD1-1*01,GGTATAGCTGGAACTAT,GGTATAGCTGGAAC,GGTATAGCTGGAAC,1.00,0.82,2,43366,11688,112,10
41328,IGHD1-1*01_Ramesh,GGTACAGCTGGAACTAT,,,,,,,,,
41328,IGHD1-2*01,GGTATAACTGGAACGAC,,,,,,17916,5275,112,10
41328,IGHD1-3*01,GGTATAGCTGGAACGAC,GGTATAGCTGGAAC,GGTATAGCTGGAAC,1.00,0.82,2,7927,2247,98,9
41328,IGHD1-39*01_Ramesh,GGTATAGTGGGAACTACAAC,,,,,,,,,
41328,IGHD1-4*01,GATATAGCTGGAACAAC,,,,,,14419,3946,100,10
41328,IGHD1-5*01,GGTATAACTGGAACTAC,GGTATAACTGGAACTACG,GGTATAACTGGAACTAC,0.94,1.00,1,32036,7876,108,9
41328,IGHD1-6*01,GGTATAACTGGAATGAC,,,,,,5234,1550,100,10
41328,IGHD1-7*01,GGAACACCTGGAACGAC,,,,,,8253,2354,105,9
41328,IGHD1-8*01,GGTATAGTGGGAGCTACAAC,TATAGTGGGAGCTAC,TATAGTGGGAGCTAC,1.00,0.75,1,31234,8965,111,10
41328,IGHD2-10*01,AGAATATTGTAGTAGTACTTACTGCTCCTCC,ATATTGTAGTAGTACTTACTGCTCCTC,ATATTGTAGTAGTACTTACTGCTCCTC,1.00,0.87,1,28525,8560,110,10
41328,IGHD2-10*01_S295,AGAATATTGTAGTAGTACTTACTGCTACGCC,,,,,,,,,
41328,IGHD2-10*01_S8741,AGCATATTGTAGTGGTACTTACTGCTCCTCC,,,,,,12100,3593,109,10
41328,IGHD2-11*01,AGAATACTGTACTGGTAGTGGTTGCTACGCC,AGAATACTGTACTGGTAGTGGTTGCTAC,AGAATACTGTACTGGTAGTGGTTGCTAC,1.00,0.90,1,41214,12132,113,10
41328,IGHD2-11*01_S1259,AGAATACTGTACTGGTAGTGGTTGCTATGCC,,,,,,11880,3480,107,10
41328,IGHD2-12*01,AGAATATTGTAGTGGTATTTACTGCTATGCC,ATATTGTAGTGGTATTTACTGCTATG,ATATTGTAGTGGTATTTACTGCTATG,1.00,0.84,1,25734,7239,107,10
41328,IGHD2-13*01,AGCACACTGTAGTGATAGTGGCTGCTCCTCC,GCACACTGTAGTGATAGTGGCTGCTCC,GCACACTGTAGTGATAGTGGCTGCTCC,1.00,0.87,1,13507,4536,112,10
41328,IGHD2-14*01,AGCATATTGTAGTCGTGGTGTCTGCTACGCC,,,,,,10230,3370,108,10
41328,IGHD2-14*02_S0040,AGCATATTGTAGTGGTACTTACTGCTACGCC,ATATTGTAGTGGTACTTACTGCTAT,ATATTGTAGTGGTACTTACTGCTA,0.96,0.77,1,,,,
41328,IGHD2-14*02_S0100,AGGATATTGTAGTGGTGGTGTCTGCTACACC,GGATATTGTAGTGGTGGTGTCTGCTACG,GGATATTGTAGTGGTGGTGTCTGCTAC,0.96,0.87,1,24420,7033,111,10
41328,IGHD2-14*02_S1717,AGGATATTGTAGTGGTGGTGTCTGCTATGCC,,,,,,,,,
41328,IGHD2-9*01,AGGATATTGTACTAGTACTACTTGCTATGCC,GGATATTGTACTAGTACTACTTGCTAT,GGATATTGTACTAGTACTACTTGCTAT,1.00,0.87,1,24978,7121,106,9
41328,IGHD3-15*01,GTATTACGAGGATGATTACGGTTACTATTACACC,GTATTACGAGGATGATTACGGTTACTATTACACC,GTATTACGAGGATGATTACGGTTACTATTACACC,1.00,1.00,1,48141,13876,112,10
41328,IGHD3-16*01,GTATTACTATAGTGGTAGTTATTACTAC,ATTACTATAGTGGTAGTTATTACTAC,ATTACTATAGTGGTAGTTATTACTAC,1.00,0.93,1,74107,19448,110,10
41328,IGHD3-17*01,GTACTGGGGTGATTATTATGAC,ACTGGGGTGATTATTATG,ACTGGGGTGATTATTATG,1.00,0.82,1,34619,9870,112,10
41328,IGHD3-18*01,GTATTACTATGGTAGTGGTTATTACACC,,,,,,60458,16080,113,10
41328,IGHD3-19*02_S4720,GTACTGGAGTGATTATTATGAC,TACTGGAGTGATTATTATG,TACTGGAGTGATTATTATG,1.00,0.86,1,23520,6150,107,10
41328,IGHD3-20*01,GTATTACGATTACGATATTAGTAGTCGATATTAAACC,,,,,,7432,2251,103,9
41328,IGHD3-26*02_Ramesh,GTATTACTATGATAGTGGTTATTACACC,CGTATTACTATGATAGTGGTTATTAC,GTATTACTATGATAGTGGTTATTAC,0.96,0.89,1,,,,
41328,IGHD3-41*01,GTATTACAATATTTGGACTGGTTATTATACC,GTATTACAATATTTGGACTGGTTATTATA,GTATTACAATATTTGGACTGGTTATTATA,1.00,0.94,1,128414,36504,113,10
41328,IGHD3-41*01_S1308,GTATTACAATATTTGGACTGGTTATTACACC,,,,,,,,,
41328,IGHD3-41*01_S1524,GTATTACAATATTTGGAGTGGTTATTACACC,,,,,,,,,
41328,IGHD3-41*01_S4389,GTATTACAATTTTTGGACTGGTTATTATACC,,,,,,,,,
41328,IGHD3-41*01_S8240,GTATTACAATTTTTGGAGTGGTTATTACACC,,,,,,,,,
41328,IGHD4-21*01,TGACTACCATAACTA,,,,,,3969,1095,95,10
41328,IGHD4-23*01,TGAATACAGTAACTAC,GAATACAGTAACTAC,GAATACAGTAACTAC,1.00,0.94,1,33242,8547,108,10
41328,IGHD4-24*01,TGACTACGGTAGCAACTAC,,,,,,47805,12168,111,10
41328,IGHD4-25*01,TGACTACGGTAACTAC,GACTACGGTAACTAC,GACTACGGTAACTAC,1.00,0.94,1,17049,4298,106,10
41328,IGHD4-27*02_Ramesh,TGACTACGGTAGCAGCTAC,CTACGGTAGCAGCTACG,CTACGGTAGCAGCTAC,0.94,0.84,1,,,,
41328,IGHD5-27*01,GTGGATACAGTGGGTACAGTTAC,GGGATATAGTGGGTACAG,AGTGGGTACAG,0.61,0.48,3,35100,9500,110,10
41328,IGHD5-28*01,GTGGATACAGCTACAGTTAC,GGATACAGCTACAGTTA,GGATACAGCTACAGTTA,1.00,0.85,2,22150,5723,106,10
41328,IGHD5-29*01,GTGGATACAGCTACAGTTACCACAGTTTTGCCACC,GGATACAGCTACAGTTA,GGATACAGCTACAGTTA,1.00,0.49,2,5023,1585,101,10
41328,IGHD5-31*01,GTGGATATAGCTACGGTTAC,,,,,,5488,1519,96,9
41328,IGHD5-32*01,GGGGATACAGTGGGTACAGTTAC,GGGATATAGTGGGTACAG,AGTGGGTACAG,0.61,0.48,3,11292,2890,104,10
41328,IGHD5-32*01_S0263,GGAGATACAGTGGGTACAGTTAC,GAGATACAGTGGGTACAGTT,GAGATACAGTGGGTACAGTT,1.00,0.87,1,6986,1848,96,10
41328,IGHD5-32*01_S0263,GGAGATACAGTGGGTACAGTTAC,GGGATATAGTGGGTACAG,AGTGGGTACAG,0.61,0.48,3,6986,1848,96,10
41328,IGHD5-32*01_S0995,GGGGATACAGCGGGTACAGTTAC,GATACAGCGGGTACAGTT,GATACAGCGGGTACAGTT,1.00,0.78,2,20516,5535,108,10
41328,IGHD5-32*01_S2987,GGAGATACAGCGGGTACAGTTAC,GATACAGCGGGTACAGTT,GATACAGCGGGTACAGTT,1.00,0.78,2,,,,
41328,IGHD6-33*01,GGGTATAGCAGCGGCTGGTAC,GTATAGCAGCGGCTGGTAC,GTATAGCAGCGGCTGGTAC,1.00,0.90,1,74516,19481,111,10
41328,IGHD6-34*01,GGGTATAGCAGCTGGTCC,GGGTATAGCAGCTGGTC,GGGTATAGCAGCTGGTC,1.00,0.94,1,35614,9100,110,9
41328,IGHD6-35*01,GGGTATAGCAGCAGATCC,,,,,,4787,1395,97,10
41328,IGHD6-36*01,GGGTATAGCGGCAGCTGGAAC,GGTATAGCGGCAGCTGGAAC,GGTATAGCGGCAGCTGGAAC,1.00,0.95,1,63032,16447,112,10
41328,IGHD6-38*01,GGGTATAGCGGTGGCTGGTCC,ATAGCGGTGGCTGGTC,ATAGCGGTGGCTGGTC,1.00,0.76,1,15197,4293,107,10
41328,IGHD6-38*01_S4618,GGGTATAGTGGTGGCTGGTCC,,,,,,2518,868,93,9
41328,IGHD6-39*01,GGGTATAGCAGCAGCTAC,TATAGCAGCAGCTAC,TATAGCAGCAGCTAC,1.00,0.83,1,8406,2309,102,9
41328,IGHD6-39*01_S0850,GGGTATAGCAGCTAC,,,,,,3612,916,88,8
41328,IGHD7-40*01,CTAACTGGGGA,,,,,,4598,1185,91,10
42056,IGHD1-1*01,GGTATAGCTGGAACTAT,,,,,,15462,2061,77,19
42056,IGHD1-1*01_Ramesh,GGTACAGCTGGAACTAT,,,,,,,,,
42056,IGHD1-2*01,GGTATAACTGGAACGAC,,,,,,11400,1566,71,20
42056,IGHD1-3*01,GGTATAGCTGGAACGAC,AGCTGGAACGAC,AGCTGGAACGAC,1.00,0.71,1,6427,940,57,15
42056,IGHD1-39*01_Ramesh,GGTATAGTGGGAACTACAAC,ATAGTGGGAACTAC,ATAGTGGGAACTAC,1.00,0.70,1,,,,
42056,IGHD1-4*01,GATATAGCTGGAACAAC,TATAGCTGGAACAA,TATAGCTGGAACAA,1.00,0.82,1,14723,2145,74,18
42056,IGHD1-5*01,GGTATAACTGGAACTAC,,,,,,2020,305,43,14
42056,IGHD1-6*01,GGTATAACTGGAATGAC,,,,,,2635,337,55,14
42056,IGHD1-7*01,GGAACACCTGGAACGAC,,,,,,5743,818,61,16
42056,IGHD1-8*01,GGTATAGTGGGAGCTACAAC,,,,,,24848,3283,82,20
42056,IGHD2-10*01,AGAATATTGTAGTAGTACTTACTGCTCCTCC,TATTGTAGTAGTACTTACTGCTCC,TATTGTAGTAGTACTTACTGCTCC,1.00,0.77,1,23775,3512,81,20
42056,IGHD2-10*01_S295,AGAATATTGTAGTAGTACTTACTGCTACGCC,,,,,,,,,
42056,IGHD2-10*01_S8741,AGCATATTGTAGTGGTACTTACTGCTCCTCC,,,,,,5525,788,68,16
42056,IGHD2-11*01,AGAATACTGTACTGGTAGTGGTTGCTACGCC,TACTGTACTGGTAGTGGTTGCTACG,TACTGTACTGGTAGTGGTTGCTACG,1.00,0.81,1,22534,3217,82,21
42056,IGHD2-11*01_S1259,AGAATACTGTACTGGTAGTGGTTGCTATGCC,,,,,,,,,
42056,IGHD2-12*01,AGAATATTGTAGTGGTATTTACTGCTATGCC,TATTGTAGTGGTATTTACTGCTAT,TATTGTAGTGGTATTTACTGCTAT,1.00,0.77,1,15940,2439,72,19
42056,IGHD2-13*01,AGCACACTGTAGTGATAGTGGCTGCTCCTCC,ACACTGTAGTGATAGTGGCTGCTCC,ACACTGTAGTGATAGTGGCTGCTCC,1.00,0.81,1,11162,1719,80,18
42056,IGHD2-14*01,AGCATATTGTAGTCGTGGTGTCTGCTACGCC,,,,,,7424,1167,75,15
42056,IGHD2-14*02_S0040,AGCATATTGTAGTGGTACTTACTGCTACGCC,,,,,,,,,
42056,IGHD2-14*02_S0100,AGGATATTGTAGTGGTGGTGTCTGCTACACC,GGATATTGTAGTGGTGGTGTCTGCTAC,GGATATTGTAGTGGTGGTGTCTGCTAC,1.00,0.87,1,21556,3138,80,20
42056,IGHD2-14*02_S1717,AGGATATTGTAGTGGTGGTGTCTGCTATGCC,,,,,,,,,
42056,IGHD2-9*01,AGGATATTGTACTAGTACTACTTGCTATGCC,ATTGTACTAGTACTACTTGCTA,ATTGTACTAGTACTACTTGCTA,1.00,0.71,1,7611,1118,68,16
42056,IGHD3-15*01,GTATTACGAGGATGATTACGGTTACTATTACACC,TTACGAGGATGATTACGGTTACTATTACACC,TTACGAGGATGATTACGGTTACTATTACACC,1.00,0.91,1,31667,4766,85,21
42056,IGHD3-16*01,GTATTACTATAGTGGTAGTTATTACTAC,TTACTATAGTGGTAGTTATTAC,TTACTATAGTGGTAGTTATTAC,1.00,0.79,1,32768,4657,83,19
42056,IGHD3-17*01,GTACTGGGGTGATTATTATGAC,ACTGGGGTGATTATTA,ACTGGGGTGATTATTA,1.00,0.73,1,26160,3473,75,19
42056,IGHD3-18*01,GTATTACTATGGTAGTGGTTATTACACC,TTACTATGGTAGTGGTTATTAC,TTACTATGGTAGTGGTTATTAC,1.00,0.79,1,41192,6051,83,21
42056,IGHD3-19*02_S4720,GTACTGGAGTGATTATTATGAC,,,,,,1931,290,53,13
42056,IGHD3-20*01,GTATTACGATTACGATATTAGTAGTCGATATTAAACC,,,,,,4356,637,62,16
42056,IGHD3-26*02_Ramesh,GTATTACTATGATAGTGGTTATTACACC,ATTACTATGATAGTGGTTATTAC,ATTACTATGATAGTGGTTATTAC,1.00,0.82,1,,,,
42056,IGHD3-41*01,GTATTACAATATTTGGACTGGTTATTATACC,,,,,,5649,762,68,19
42056,IGHD3-41*01_S1308,GTATTACAATATTTGGACTGGTTATTACACC,,,,,,,,,
42056,IGHD3-41*01_S1524,GTATTACAATATTTGGAGTGGTTATTACACC,,,,,,4893,817,67,20
42056,IGHD3-41*01_S4389,GTATTACAATTTTTGGACTGGTTATTATACC,,,,,,,,,
42056,IGHD3-41*01_S8240,GTATTACAATTTTTGGAGTGGTTATTACACC,ATTACAATTTTTGGAGTGGTTATT,ATTACAATTTTTGGAGTGGTTATT,1.00,0.77,1,16249,2662,69,19
42056,IGHD4-21*01,TGACTACCATAACTA,,,,,,1947,296,52,16
42056,IGHD4-23*01,TGAATACAGTAACTAC,GAATACAGTAACTAC,GAATACAGTAACTAC,1.00,0.94,1,26734,3581,75,18
42056,IGHD4-24*01,TGACTACGGTAGCAACTAC,CTACGGTAGCAACT,CTACGGTAGCAACT,1.00,0.74,1,58694,7838,84,21
42056,IGHD4-25*01,TGACTACGGTAACTAC,GACTACGGTAAC,GACTACGGTAAC,1.00,0.75,1,12982,1800,71,20
42056,IGHD4-27*02_Ramesh,TGACTACGGTAGCAGCTAC,CTACGGTAGCAGCTAC,CTACGGTAGCAGCTAC,1.00,0.84,1,,,,
42056,IGHD5-27*01,GTGGATACAGTGGGTACAGTTAC,GGATACAGTGGGTACAG,GGATACAGTGGGTACAG,1.00,0.74,2,19829,2766,79,19
42056,IGHD5-28*01,GTGGATACAGCTACAGTTAC,GGATACAGCTACAGTT,GGATACAGCTACAGTT,1.00,0.80,2,14083,1998,68,18
42056,IGHD5-29*01,GTGGATACAGCTACAGTTACCACAGTTTTGCCACC,GGATACAGCTACAGTT,GGATACAGCTACAGTT,1.00,0.46,2,3669,545,60,20
42056,IGHD5-31*01,GTGGATATAGCTACGGTTAC,,,,,,6200,866,61,18
42056,IGHD5-32*01,GGGGATACAGTGGGTACAGTTAC,GGATACAGTGGGTACAG,GGATACAGTGGGTACAG,1.00,0.74,2,8918,1106,70,19
42056,IGHD5-32*01_S0263,GGAGATACAGTGGGTACAGTTAC,,,,,,,,,
42056,IGHD5-32*01_S0995,GGGGATACAGCGGGTACAGTTAC,ACAGCGGGTACAGTT,ACAGCGGGTACAGTT,1.00,0.65,2,13327,1728,78,18
42056,IGHD5-32*01_S2987,GGAGATACAGCGGGTACAGTTAC,ACAGCGGGTACAGTT,ACAGCGGGTACAGTT,1.00,0.65,2,,,,
42056,IGHD6-33*01,GGGTATAGCAGCGGCTGGTAC,GGGTATAGCAGC,GGGTATAGCAGC,1.00,0.57,5,53279,7603,88,20
42056,IGHD6-34*01,GGGTATAGCAGCTGGTCC,GGGTATAGCAGC,GGGTATAGCAGC,1.00,0.67,5,30769,4265,83,21
42056,IGHD6-35*01,GGGTATAGCAGCAGATCC,GGGTATAGCAGC,GGGTATAGCAGC,1.00,0.67,5,4329,621,64,14
42056,IGHD6-36*01,GGGTATAGCGGCAGCTGGAAC,GTATAGCGGCAGCTGGAA,GTATAGCGGCAGCTGGAA,1.00,0.86,1,41277,5665,88,21
42056,IGHD6-38*01,GGGTATAGCGGTGGCTGGTCC,ATAGCGGTGGCTGG,ATAGCGGTGGCTGG,1.00,0.67,1,12093,1761,77,20
42056,IGHD6-38*01_S4618,GGGTATAGTGGTGGCTGGTCC,,,,,,,,,
42056,IGHD6-39*01,GGGTATAGCAGCAGCTAC,GGGTATAGCAGC,GGGTATAGCAGC,1.00,0.67,5,9978,1368,67,19
42056,IGHD6-39*01_S0850,GGGTATAGCAGCTAC,GGGTATAGCAGC,GGGTATAGCAGC,1.00,0.80,5,,,,
42056,IGHD7-40*01,CTAACTGGGGA,,,,,,6149,722,57,13
44715,IGHD1-1*01,GGTATAGCTGGAACTAT,,,,,,30320,5042,84,11
44715,IGHD1-1*01_Ramesh,GGTACAGCTGGAACTAT,,,,,,,,,
44715,IGHD1-2*01,GGTATAACTGGAACGAC,,,,,,11365,2125,80,13
44715,IGHD1-3*01,GGTATAGCTGGAACGAC,AGCTGGAACGAC,AGCTGGAACGAC,1.00,0.71,1,11222,1688,66,10
44715,IGHD1-39*01_Ramesh,GGTATAGTGGGAACTACAAC,AGTGGGAACTAC,AGTGGGAACTAC,1.00,0.60,1,,,,
44715,IGHD1-4*01,GATATAGCTGGAACAAC,TATAGCTGGAACAAC,TATAGCTGGAACAAC,1.00,0.88,1,31896,4730,74,14
44715,IGHD1-5*01,GGTATAACTGGAACTAC,AACTGGAACTAC,AACTGGAACTAC,1.00,0.71,1,9302,1557,60,10
44715,IGHD1-6*01,GGTATAACTGGAATGAC,,,,,,3572,599,56,12
44715,IGHD1-7*01,GGAACACCTGGAACGAC,,,,,,5490,986,68,12
44715,IGHD1-8*01,GGTATAGTGGGAGCTACAAC,,,,,,36506,5701,87,14
44715,IGHD2-10*01,AGAATATTGTAGTAGTACTTACTGCTCCTCC,AATATTGTAGTAGTACTTACTGCTCC,AATATTGTAGTAGTACTTACTGCTCC,1.00,0.84,1,36494,5926,88,14
44715,IGHD2-10*01_S295,AGAATATTGTAGTAGTACTTACTGCTACGCC,,,,,,,,,
44715,IGHD2-10*01_S8741,AGCATATTGTAGTGGTACTTACTGCTCCTCC,TTGTAGTGGTACTTACTGC,TTGTAGTGGTACTTACTGC,1.00,0.61,2,7841,1510,74,12
44715,IGHD2-11*01,AGAATACTGTACTGGTAGTGGTTGCTACGCC,ATACTGTACTGGTAGTGGTTGCTA,ATACTGTACTGGTAGTGGTTGCTA,1.00,0.77,2,28528,4797,82,15
44715,IGHD2-11*01_S1259,AGAATACTGTACTGGTAGTGGTTGCTATGCC,ATACTGTACTGGTAGTGGTTGCTA,ATACTGTACTGGTAGTGGTTGCTA,1.00,0.77,2,8881,1347,62,12
44715,IGHD2-12*01,AGAATATTGTAGTGGTATTTACTGCTATGCC,TATTGTAGTGGTATTTACTGCTAT,TATTGTAGTGGTATTTACTGCTAT,1.00,0.77,1,26377,4144,71,15
44715,IGHD2-13*01,AGCACACTGTAGTGATAGTGGCTGCTCCTCC,CACACTGTAGTGATAGTGGCTGCTCC,CACACTGTAGTGATAGTGGCTGCTCC,1.00,0.84,1,15323,2796,83,13
44715,IGHD2-14*01,AGCATATTGTAGTCGTGGTGTCTGCTACGCC,,,,,,8007,1537,73,10
44715,IGHD2-14*02_S0040,AGCATATTGTAGTGGTACTTACTGCTACGCC,TTGTAGTGGTACTTACTGC,TTGTAGTGGTACTTACTGC,1.00,0.61,2,,,,
44715,IGHD2-14*02_S0100,AGGATATTGTAGTGGTGGTGTCTGCTACACC,GGATATTGTAGTGGTGGTGTCTGCTAC,GGATATTGTAGTGGTGGTGTCTGCTAC,1.00,0.87,1,25411,4183,78,14
44715,IGHD2-14*02_S1717,AGGATATTGTAGTGGTGGTGTCTGCTATGCC,,,,,,,,,
44715,IGHD2-9*01,AGGATATTGTACTAGTACTACTTGCTATGCC,TATTGTACTAGTACTACTTGC,TATTGTACTAGTACTACTTGC,1.00,0.68,1,10987,1957,70,11
44715,IGHD3-15*01,GTATTACGAGGATGATTACGGTTACTATTACACC,ATTACGAGGATGATTACGGTTACTATTACACC,ATTACGAGGATGATTACGGTTACTATTACACC,1.00,0.94,1,64833,10646,84,15
44715,IGHD3-16*01,GTATTACTATAGTGGTAGTTATTACTAC,ATTACTATAGTGGTAGTTATTAC,ATTACTATAGTGGTAGTTATTAC,1.00,0.82,1,81430,12135,89,15
44715,IGHD3-17*01,GTACTGGGGTGATTATTATGAC,CTGGGGTGATTATT,CTGGGGTGATTATT,1.00,0.64,1,33993,5339,86,15
44715,IGHD3-17*01,GTACTGGGGTGATTATTATGAC,GTGATTATTATG,GTGATTATTATG,1.00,0.55,2,33993,5339,86,15
44715,IGHD3-18*01,GTATTACTATGGTAGTGGTTATTACACC,,,,,,66685,9884,86,16
44715,IGHD3-19*02_S4720,GTACTGGAGTGATTATTATGAC,GTGATTATTATG,GTGATTATTATG,1.00,0.55,2,19710,2854,74,10
44715,IGHD3-20*01,GTATTACGATTACGATATTAGTAGTCGATATTAAACC,,,,,,7213,1218,69,14
44715,IGHD3-26*02_Ramesh,GTATTACTATGATAGTGGTTATTACACC,ATTACTATGATAGTGGTTATTAC,ATTACTATGATAGTGGTTATTAC,1.00,0.82,1,,,,
44715,IGHD3-41*01,GTATTACAATATTTGGACTGGTTATTATACC,ATTACAATATTTGGACTGGTTATT,ATTACAATATTTGGACTGGTTATT,1.00,0.77,2,42663,7330,77,10
44715,IGHD3-41*01_S1308,GTATTACAATATTTGGACTGGTTATTACACC,ATTACAATATTTGGACTGGTTATT,ATTACAATATTTGGACTGGTTATT,1.00,0.77,2,,,,
44715,IGHD3-41*01_S1524,GTATTACAATATTTGGAGTGGTTATTACACC,,,,,,,,,
44715,IGHD3-41*01_S4389,GTATTACAATTTTTGGACTGGTTATTATACC,,,,,,,,,
44715,IGHD3-41*01_S8240,GTATTACAATTTTTGGAGTGGTTATTACACC,ATTACAATTTTTGGAGTGGTTA,ATTACAATTTTTGGAGTGGTTA,1.00,0.71,1,16695,2734,41,11
44715,IGHD4-21*01,TGACTACCATAACTA,,,,,,3286,594,59,11
44715,IGHD4-23*01,TGAATACAGTAACTAC,,,,,,33666,4904,76,16
44715,IGHD4-24*01,TGACTACGGTAGCAACTAC,,,,,,82062,11755,88,16
44715,IGHD4-25*01,TGACTACGGTAACTAC,,,,,,12728,2032,69,15
44715,IGHD4-27*02_Ramesh,TGACTACGGTAGCAGCTAC,CTACGGTAGCAGCTAC,CTACGGTAGCAGCTAC,1.00,0.84,1,,,,
44715,IGHD5-27*01,GTGGATACAGTGGGTACAGTTAC,GGATACAGTGGGTACAGTT,GGATACAGTGGGTACAGTT,1.00,0.83,2,48201,6952,85,13
44715,IGHD5-28*01,GTGGATACAGCTACAGTTAC,GGATACAGCTACAGTTA,GGATACAGCTACAGTTA,1.00,0.85,2,28256,4152,69,11
44715,IGHD5-29*01,GTGGATACAGCTACAGTTACCACAGTTTTGCCACC,GGATACAGCTACAGTTA,GGATACAGCTACAGTTA,1.00,0.49,2,6400,1137,69,11
44715,IGHD5-31*01,GTGGATATAGCTACGGTTAC,,,,,,10972,1706,67,11
44715,IGHD5-32*01,GGGGATACAGTGGGTACAGTTAC,GGATACAGTGGGTACAGTT,GGATACAGTGGGTACAGTT,1.00,0.83,2,10461,1634,67,13
44715,IGHD5-32*01_S0263,GGAGATACAGTGGGTACAGTTAC,,,,,,6419,998,64,11
44715,IGHD5-32*01_S0995,GGGGATACAGCGGGTACAGTTAC,GATACAGCGGGTAC,GATACAGCGGGTAC,1.00,0.61,2,14292,2419,75,13
44715,IGHD5-32*01_S2987,GGAGATACAGCGGGTACAGTTAC,GATACAGCGGGTAC,GATACAGCGGGTAC,1.00,0.61,2,,,,
44715,IGHD6-33*01,GGGTATAGCAGCGGCTGGTAC,GTATAGCAGCGGCTGGT,GTATAGCAGCGGCTGGT,1.00,0.81,1,88025,13746,92,16
44715,IGHD6-34*01,GGGTATAGCAGCTGGTCC,GTATAGCAGCTGGTC,GTATAGCAGCTGGTC,1.00,0.83,1,57056,8656,84,15
44715,IGHD6-35*01,GGGTATAGCAGCAGATCC,,,,,,6548,1095,65,11
44715,IGHD6-36*01,GGGTATAGCGGCAGCTGGAAC,GTATAGCGGCAGCTGGAAC,GTATAGCGGCAGCTGGAAC,1.00,0.90,1,72908,11084,88,14
44715,IGHD6-38*01,GGGTATAGCGGTGGCTGGTCC,,,,,,11078,1972,77,12
44715,IGHD6-38*01_S4618,GGGTATAGTGGTGGCTGGTCC,,,,,,,,,
44715,IGHD6-39*01,GGGTATAGCAGCAGCTAC,TAGCAGCAGCTA,TAGCAGCAGCTA,1.00,0.67,1,15011,2330,67,15
44715,IGHD6-39*01_S0850,GGGTATAGCAGCTAC,,,,,,6519,890,52,11
44715,IGHD7-40*01,CTAACTGGGGA,,,,,,8328,1295,62,10
T646,IGHD1-1*01,GGTATAGCTGGAACTAT,GGTATAGCTGGAACTAT,GGTATAGCTGGAACTAT,1.00,1.00,1,125712,27037,78,9
T646,IGHD1-1*01_Ramesh,GGTACAGCTGGAACTAT,,,,,,,,,
T646,IGHD1-2*01,GGTATAACTGGAACGAC,GTATAACTGGAACGACG,GTATAACTGGAACGAC,0.94,0.94,1,84987,18842,78,9
T646,IGHD1-3*01,GGTATAGCTGGAACGAC,GTATAGCTGGAACGACG,GTATAGCTGGAACGAC,0.94,0.94,1,26246,5943,76,9
T646,IGHD1-39*01_Ramesh,GGTATAGTGGGAACTACAAC,,,,,,,,,
T646,IGHD1-4*01,GATATAGCTGGAACAAC,,,,,,23615,5496,70,9
T646,IGHD1-5*01,GGTATAACTGGAACTAC,GGTATAACTGGAACTACG,GGTATAACTGGAACTAC,0.94,1.00,1,68214,14429,76,9
T646,IGHD1-6*01,GGTATAACTGGAATGAC,,,,,,18271,3625,74,9
T646,IGHD1-7*01,GGAACACCTGGAACGAC,,,,,,32854,6614,75,9
T646,IGHD1-8*01,GGTATAGTGGGAGCTACAAC,GTATAGTGGGAGCTACAA,GTATAGTGGGAGCTACAA,1.00,0.90,1,135460,29008,81,9
T646,IGHD2-10*01,AGAATATTGTAGTAGTACTTACTGCTCCTCC,GAATATTGTAGTAGTACTTACTGCTCCTCC,GAATATTGTAGTAGTACTTACTGCTCCTCC,1.00,0.97,1,113907,27864,81,9
T646,IGHD2-10*01,AGAATATTGTAGTAGTACTTACTGCTCCTCC,TGTAGTAGTACTTACTGTTCC,TGTAGTAGTACTTACTG,0.81,0.55,2,113907,27864,81,9
T646,IGHD2-10*01_S295,AGAATATTGTAGTAGTACTTACTGCTACGCC,TGTAGTAGTACTTACTGTTCC,TGTAGTAGTACTTACTG,0.81,0.55,2,,,,
T646,IGHD2-10*01_S8741,AGCATATTGTAGTGGTACTTACTGCTCCTCC,,,,,,,,,
T646,IGHD2-11*01,AGAATACTGTACTGGTAGTGGTTGCTACGCC,AGAATACTGTACTGGTAGTGGTTGCTACG,AGAATACTGTACTGGTAGTGGTTGCTACG,1.00,0.94,1,87562,21459,80,9
T646,IGHD2-11*01_S1259,AGAATACTGTACTGGTAGTGGTTGCTATGCC,,,,,,28112,7030,73,9
T646,IGHD2-12*01,AGAATATTGTAGTGGTATTTACTGCTATGCC,,,,,,21162,5016,74,9
T646,IGHD2-13*01,AGCACACTGTAGTGATAGTGGCTGCTCCTCC,,,,,,38038,9464,78,9
T646,IGHD2-14*01,AGCATATTGTAGTCGTGGTGTCTGCTACGCC,,,,,,38546,9638,78,9
T646,IGHD2-14*02_S0040,AGCATATTGTAGTGGTACTTACTGCTACGCC,,,,,,,,,
T646,IGHD2-14*02_S0100,AGGATATTGTAGTGGTGGTGTCTGCTACACC,GGATATTGTAGTGGTGGTGTCTGCTACGCCG,GGATATTGTAGTGGTGGTGTCTGCTAC,0.87,0.87,1,69226,17464,80,9
T646,IGHD2-14*02_S0100,AGGATATTGTAGTGGTGGTGTCTGCTACACC,TTGTAGTGGTGGTGTCTGTTA,TTGTAGTGGTGGTGTCTG,0.86,0.58,2,69226,17464,80,9
T646,IGHD2-14*02_S1717,AGGATATTGTAGTGGTGGTGTCTGCTATGCC,TTGTAGTGGTGGTGTCTGTTA,TTGTAGTGGTGGTGTCTG,0.86,0.58,2,,,,
T646,IGHD2-9*01,AGGATATTGTACTAGTACTACTTGCTATGCC,ATTGTAGTACTACTTACTGC,TAGTACTACTT,0.55,0.35,1,85135,20453,78,9
T646,IGHD2-9*01,AGGATATTGTACTAGTACTACTTGCTATGCC,TAGGATATTGTACTAGTACTACTTGCTATG,AGGATATTGTACTAGTACTACTTGCTATG,0.97,0.94,1,85135,20453,78,9
T646,IGHD3-15*01,GTATTACGAGGATGATTACGGTTACTATTACACC,GTATTACGAGGATGATTACGGTTACTATTACACCG,GTATTACGAGGATGATTACGGTTACTATTACACC,0.97,1.00,1,133158,35025,82,9
T646,IGHD3-16*01,GTATTACTATAGTGGTAGTTATTACTAC,ATTACTATAGTGGTAGTTATTACTAC,ATTACTATAGTGGTAGTTATTACTAC,1.00,0.93,1,132668,30156,79,9
T646,IGHD3-17*01,GTACTGGGGTGATTATTATGAC,ACTGGGGTGATTATTATGAC,ACTGGGGTGATTATTATGAC,1.00,0.91,1,116863,23614,77,9
T646,IGHD3-18*01,GTATTACTATGGTAGTGGTTATTACACC,GTATTACTATGGTAGTGGTTATTAC,GTATTACTATGGTAGTGGTTATTAC,1.00,0.89,1,104047,23375,78,9
T646,IGHD3-19*02_S4720,GTACTGGAGTGATTATTATGAC,,,,,,9779,2688,76,9
T646,IGHD3-20*01,GTATTACGATTACGATATTAGTAGTCGATATTAAACC,,,,,,19700,4576,75,9
T646,IGHD3-26*02_Ramesh,GTATTACTATGATAGTGGTTATTACACC,GTATTACTATGATAGTGGTTATTAC,GTATTACTATGATAGTGGTTATTAC,1.00,0.89,1,,,,
T646,IGHD3-41*01,GTATTACAATATTTGGACTGGTTATTATACC,GTATTACAATATTTGGACTGGTTATTATAC,GTATTACAATATTTGGACTGGTTATTATAC,1.00,0.97,1,313898,80557,81,9
T646,IGHD3-41*01_S1308,GTATTACAATATTTGGACTGGTTATTACACC,,,,,,,,,
T646,IGHD3-41*01_S1524,GTATTACAATATTTGGAGTGGTTATTACACC,,,,,,,,,
T646,IGHD3-41*01_S4389,GTATTACAATTTTTGGACTGGTTATTATACC,,,,,,,,,
T646,IGHD3-41*01_S8240,GTATTACAATTTTTGGAGTGGTTATTACACC,,,,,,,,,
T646,IGHD4-21*01,TGACTACCATAACTA,,,,,,12468,2517,69,9
T646,IGHD4-23*01,TGAATACAGTAACTAC,ATGAATACAGTAACTACG,TGAATACAGTAACTAC,0.89,1.00,1,111370,22544,80,9
T646,IGHD4-24*01,TGACTACGGTAGCAACTAC,GACTACGGTAGCAACTACG,GACTACGGTAGCAACTAC,0.95,0.95,1,136298,27973,79,9
T646,IGHD4-25*01,TGACTACGGTAACTAC,ATGACTACGGTAACTAC,TGACTACGGTAACTAC,0.94,1.00,1,39692,8117,73,9
T646,IGHD4-27*02_Ramesh,TGACTACGGTAGCAGCTAC,CTACGGTAGCAGCTACG,CTACGGTAGCAGCTAC,0.94,0.84,1,,,,
T646,IGHD5-27*01,GTGGATACAGTGGGTACAGTTAC,GGATACAGTGGGTACAGTT,GGATACAGTGGGTACAGTT,1.00,0.83,2,73870,15938,77,9
T646,IGHD5-28*01,GTGGATACAGCTACAGTTAC,CGTGGATACAGCTACAGTTAC,GTGGATACAGCTACAGTTAC,0.95,1.00,2,70536,14939,78,9
T646,IGHD5-29*01,GTGGATACAGCTACAGTTACCACAGTTTTGCCACC,CGTGGATACAGCTACAGTTAC,GTGGATACAGCTACAGTTAC,0.95,0.57,2,15418,3369,75,9
T646,IGHD5-31*01,GTGGATATAGCTACGGTTAC,,,,,,18730,4363,76,9
T646,IGHD5-32*01,GGGGATACAGTGGGTACAGTTAC,GGATACAGTGGGTACAGTT,GGATACAGTGGGTACAGTT,1.00,0.83,2,29617,5894,77,9
T646,IGHD5-32*01_S0263,GGAGATACAGTGGGTACAGTTAC,,,,,,,,,
T646,IGHD5-32*01_S0995,GGGGATACAGCGGGTACAGTTAC,GGGGATACAGCGGGTACAGTT,GGGGATACAGCGGGTACAGTT,1.00,0.91,1,60866,13250,79,9
T646,IGHD5-32*01_S2987,GGAGATACAGCGGGTACAGTTAC,,,,,,,,,
T646,IGHD6-33*01,GGGTATAGCAGCGGCTGGTAC,GGGTATAGCAGCGGCTGGTAC,GGGTATAGCAGCGGCTGGTAC,1.00,1.00,1,221863,48173,82,9
T646,IGHD6-34*01,GGGTATAGCAGCTGGTCC,GGGTATAGCAGCTGGTC,GGGTATAGCAGCTGGTC,1.00,0.94,1,154403,32434,81,9
T646,IGHD6-35*01,GGGTATAGCAGCAGATCC,,,,,,23817,5241,76,9
T646,IGHD6-36*01,GGGTATAGCGGCAGCTGGAAC,GGGTATAGCGGCAGCTGGAAC,GGGTATAGCGGCAGCTGGAAC,1.00,1.00,1,184666,40241,80,9
T646,IGHD6-36*01,GGGTATAGCGGCAGCTGGAAC,GTATAGCGGCAGATC,GTATAGCGGCAG,0.80,0.57,1,184666,40241,80,9
T646,IGHD6-38*01,GGGTATAGCGGTGGCTGGTCC,,,,,,29307,6491,78,9
T646,IGHD6-38*01_S4618,GGGTATAGTGGTGGCTGGTCC,,,,,,7314,1923,69,9
T646,IGHD6-39*01,GGGTATAGCAGCAGCTAC,GTATAGCAGCAGCTAC,GTATAGCAGCAGCTAC,1.00,0.89,1,35904,7684,76,9
T646,IGHD6-39*01_S0850,GGGTATAGCAGCTAC,,,,,,,,,
T646,IGHD7-40*01,CTAACTGGGGA,,,,,,19064,3301,72,9
V031,IGHD1-1*01,GGTATAGCTGGAACTAT,,,,,,2967,498,42,8
V031,IGHD1-1*01_Ramesh,GGTACAGCTGGAACTAT,,,,,,,,,
V031,IGHD1-2*01,GGTATAACTGGAACGAC,,,,,,1987,408,40,9
V031,IGHD1-3*01,GGTATAGCTGGAACGAC,,,,,,3424,475,30,6
V031,IGHD1-39*01_Ramesh,GGTATAGTGGGAACTACAAC,,,,,,,,,
V031,IGHD1-4*01,GATATAGCTGGAACAAC,,,,,,3103,565,31,9
V031,IGHD1-5*01,GGTATAACTGGAACTAC,,,,,,646,94,11,4
V031,IGHD1-6*01,GGTATAACTGGAATGAC,,,,,,993,107,26,8
V031,IGHD1-7*01,GGAACACCTGGAACGAC,,,,,,247,92,36,9
V031,IGHD1-8*01,GGTATAGTGGGAGCTACAAC,,,,,,4866,752,48,8
V031,IGHD2-10*01,AGAATATTGTAGTAGTACTTACTGCTCCTCC,TGTAGTAGTACTTACTGC,TGTAGTAGTACTTACTGC,1.00,0.58,2,5857,966,49,9
V031,IGHD2-10*01_S295,AGAATATTGTAGTAGTACTTACTGCTACGCC,TGTAGTAGTACTTACTGC,TGTAGTAGTACTTACTGC,1.00,0.58,2,,,,
V031,IGHD2-10*01_S8741,AGCATATTGTAGTGGTACTTACTGCTCCTCC,,,,,,,,,
V031,IGHD2-11*01,AGAATACTGTACTGGTAGTGGTTGCTACGCC,,,,,,5303,803,51,10
V031,IGHD2-11*01_S1259,AGAATACTGTACTGGTAGTGGTTGCTATGCC,,,,,,1207,164,23,8
V031,IGHD2-12*01,AGAATATTGTAGTGGTATTTACTGCTATGCC,,,,,,3120,499,34,8
V031,IGHD2-13*01,AGCACACTGTAGTGATAGTGGCTGCTCCTCC,,,,,,2082,380,45,9
V031,IGHD2-14*01,AGCATATTGTAGTCGTGGTGTCTGCTACGCC,,,,,,2657,465,41,8
V031,IGHD2-14*02_S0040,AGCATATTGTAGTGGTACTTACTGCTACGCC,,,,,,,,,
V031,IGHD2-14*02_S0100,AGGATATTGTAGTGGTGGTGTCTGCTACACC,,,,,,3915,739,40,8
V031,IGHD2-14*02_S1717,AGGATATTGTAGTGGTGGTGTCTGCTATGCC,,,,,,,,,
V031,IGHD2-9*01,AGGATATTGTACTAGTACTACTTGCTATGCC,,,,,,950,177,27,7
V031,IGHD3-15*01,GTATTACGAGGATGATTACGGTTACTATTACACC,ATGATTACGGTTACT,ATGATTACGGTTACT,1.00,0.44,1,7663,1331,51,8
V031,IGHD3-16*01,GTATTACTATAGTGGTAGTTATTACTAC,,,,,,8787,1281,46,9
V031,IGHD3-17*01,GTACTGGGGTGATTATTATGAC,,,,,,4139,644,47,9
V031,IGHD3-18*01,GTATTACTATGGTAGTGGTTATTACACC,AGTGGTTATTAC,AGTGGTTATTAC,1.00,0.43,4,12568,1747,46,9
V031,IGHD3-19*02_S4720,GTACTGGAGTGATTATTATGAC,,,,,,441,81,24,8
V031,IGHD3-20*01,GTATTACGATTACGATATTAGTAGTCGATATTAAACC,,,,,,1806,271,33,9
V031,IGHD3-26*02_Ramesh,GTATTACTATGATAGTGGTTATTACACC,AGTGGTTATTAC,AGTGGTTATTAC,1.00,0.43,4,,,,
V031,IGHD3-41*01,GTATTACAATATTTGGACTGGTTATTATACC,ACAATATTTGGACTGG,ACAATATTTGGACTGG,1.00,0.52,2,9853,1710,47,10
V031,IGHD3-41*01_S1308,GTATTACAATATTTGGACTGGTTATTACACC,ACAATATTTGGACTGG,ACAATATTTGGACTGG,1.00,0.52,2,,,,
V031,IGHD3-41*01_S1524,GTATTACAATATTTGGAGTGGTTATTACACC,AGTGGTTATTAC,AGTGGTTATTAC,1.00,0.39,4,,,,
V031,IGHD3-41*01_S4389,GTATTACAATTTTTGGACTGGTTATTATACC,,,,,,,,,
V031,IGHD3-41*01_S8240,GTATTACAATTTTTGGAGTGGTTATTACACC,AGTGGTTATTAC,AGTGGTTATTAC,1.00,0.39,4,,,,
V031,IGHD4-21*01,TGACTACCATAACTA,,,,,,1159,151,22,10
V031,IGHD4-23*01,TGAATACAGTAACTAC,,,,,,8308,1342,41,9
V031,IGHD4-24*01,TGACTACGGTAGCAACTAC,,,,,,18590,2958,54,10
V031,IGHD4-25*01,TGACTACGGTAACTAC,,,,,,4581,730,39,8
V031,IGHD4-27*02_Ramesh,TGACTACGGTAGCAGCTAC,,,,,,,,,
V031,IGHD5-27*01,GTGGATACAGTGGGTACAGTTAC,,,,,,6748,835,44,9
V031,IGHD5-28*01,GTGGATACAGCTACAGTTAC,,,,,,2961,455,25,8
V031,IGHD5-29*01,GTGGATACAGCTACAGTTACCACAGTTTTGCCACC,,,,,,959,132,30,7
V031,IGHD5-31*01,GTGGATATAGCTACGGTTAC,,,,,,417,85,23,7
V031,IGHD5-32*01,GGGGATACAGTGGGTACAGTTAC,,,,,,2115,299,33,9
V031,IGHD5-32*01_S0263,GGAGATACAGTGGGTACAGTTAC,,,,,,,,,
V031,IGHD5-32*01_S0995,GGGGATACAGCGGGTACAGTTAC,,,,,,3933,513,37,9
V031,IGHD5-32*01_S2987,GGAGATACAGCGGGTACAGTTAC,,,,,,,,,
V031,IGHD6-33*01,GGGTATAGCAGCGGCTGGTAC,GCAGCGGCTGGT,GCAGCGGCTGGT,1.00,0.57,1,12618,1906,50,10
V031,IGHD6-34*01,GGGTATAGCAGCTGGTCC,,,,,,6165,1054,41,9
V031,IGHD6-35*01,GGGTATAGCAGCAGATCC,,,,,,2395,309,32,9
V031,IGHD6-36*01,GGGTATAGCGGCAGCTGGAAC,,,,,,12159,2123,49,9
V031,IGHD6-38*01,GGGTATAGCGGTGGCTGGTCC,,,,,,5926,854,45,7
V031,IGHD6-38*01_S4618,GGGTATAGTGGTGGCTGGTCC,,,,,,,,,
V031,IGHD6-39*01,GGGTATAGCAGCAGCTAC,,,,,,3786,524,36,8
V031,IGHD6-39*01_S0850,GGGTATAGCAGCTAC,,,,,,,,,
V031,IGHD7-40*01,CTAACTGGGGA,,,,,,2163,180,21,8
V033,IGHD1-1*01,GGTATAGCTGGAACTAT,,,,,,28200,7952,60,9
V033,IGHD1-1*01_Ramesh,GGTACAGCTGGAACTAT,GTACAGCTGGAACTAT,GTACAGCTGGAACTAT,1.00,0.94,1,,,,
V033,IGHD1-2*01,GGTATAACTGGAACGAC,GTATAACTGGAACGACG,GTATAACTGGAACGAC,0.94,0.94,1,23083,6572,60,9
V033,IGHD1-3*01,GGTATAGCTGGAACGAC,GTATAGCTGGAACGAC,GTATAGCTGGAACGAC,1.00,0.94,1,11416,3002,57,9
V033,IGHD1-39*01_Ramesh,GGTATAGTGGGAACTACAAC,GTATAGTGGGAACTACA,GTATAGTGGGAACTACA,1.00,0.85,1,,,,
V033,IGHD1-4*01,GATATAGCTGGAACAAC,GTATAGCTGGAACAACG,TATAGCTGGAACAAC,0.88,0.88,1,33764,8963,59,9
V033,IGHD1-5*01,GGTATAACTGGAACTAC,,,,,,2684,827,52,9
V033,IGHD1-6*01,GGTATAACTGGAATGAC,,,,,,4754,1397,53,9
V033,IGHD1-7*01,GGAACACCTGGAACGAC,,,,,,7217,2203,55,9
V033,IGHD1-8*01,GGTATAGTGGGAGCTACAAC,,,,,,42962,11779,60,9
V033,IGHD2-10*01,AGAATATTGTAGTAGTACTTACTGCTCCTCC,GAATATTGTAGTAGTACTTACTGCTCCTC,GAATATTGTAGTAGTACTTACTGCTCCTC,1.00,0.94,1,42046,12956,61,9
V033,IGHD2-10*01_S295,AGAATATTGTAGTAGTACTTACTGCTACGCC,,,,,,,,,
V033,IGHD2-10*01_S8741,AGCATATTGTAGTGGTACTTACTGCTCCTCC,,,,,,,,,
V033,IGHD2-11*01,AGAATACTGTACTGGTAGTGGTTGCTACGCC,AGAATACTGTACTGGTAGTGGTTGCTACG,AGAATACTGTACTGGTAGTGGTTGCTACG,1.00,0.94,1,45841,13586,61,9
V033,IGHD2-11*01_S1259,AGAATACTGTACTGGTAGTGGTTGCTATGCC,,,,,,,,,
V033,IGHD2-12*01,AGAATATTGTAGTGGTATTTACTGCTATGCC,GAATATTGTAGTGGTATTTACTGCTATG,GAATATTGTAGTGGTATTTACTGCTATG,1.00,0.90,1,28019,8015,60,9
V033,IGHD2-13*01,AGCACACTGTAGTGATAGTGGCTGCTCCTCC,AGCACACTGTAGTGATAGTGGCTGCTCC,AGCACACTGTAGTGATAGTGGCTGCTCC,1.00,0.90,1,15365,5087,60,9
V033,IGHD2-14*01,AGCATATTGTAGTCGTGGTGTCTGCTACGCC,,,,,,9917,3432,59,9
V033,IGHD2-14*02_S0040,AGCATATTGTAGTGGTACTTACTGCTACGCC,,,,,,,,,
V033,IGHD2-14*02_S0100,AGGATATTGTAGTGGTGGTGTCTGCTACACC,GGATATTGTAGTGGTGGTGTCTGCTACG,GGATATTGTAGTGGTGGTGTCTGCTAC,0.96,0.87,1,23287,6891,59,9
V033,IGHD2-14*02_S1717,AGGATATTGTAGTGGTGGTGTCTGCTATGCC,,,,,,,,,
V033,IGHD2-9*01,AGGATATTGTACTAGTACTACTTGCTATGCC,GATATTGTACTAGTACTACTTGCTATG,GATATTGTACTAGTACTACTTGCTATG,1.00,0.87,1,14581,4308,59,9
V033,IGHD3-15*01,GTATTACGAGGATGATTACGGTTACTATTACACC,GTATTACGAGGATGATTACGGTTACTATTACACCG,GTATTACGAGGATGATTACGGTTACTATTACACC,0.97,1.00,1,55121,16571,61,9
V033,IGHD3-16*01,GTATTACTATAGTGGTAGTTATTACTAC,GTATTACTATAGTGGTAGTTATTACTAC,GTATTACTATAGTGGTAGTTATTACTAC,1.00,1.00,1,91627,25769,61,9
V033,IGHD3-17*01,GTACTGGGGTGATTATTATGAC,GTACTGGGGTGATTATTATG,GTACTGGGGTGATTATTATG,1.00,0.91,1,52442,14658,61,9
V033,IGHD3-18*01,GTATTACTATGGTAGTGGTTATTACACC,GTATTACTATGGTAGTGGTTATTAC,GTATTACTATGGTAGTGGTTATTAC,1.00,0.89,1,93916,26369,61,9
V033,IGHD3-19*02_S4720,GTACTGGAGTGATTATTATGAC,,,,,,2766,1028,53,9
V033,IGHD3-20*01,GTATTACGATTACGATATTAGTAGTCGATATTAAACC,,,,,,7076,2201,58,9
V033,IGHD3-26*02_Ramesh,GTATTACTATGATAGTGGTTATTACACC,GTATTACTATGATAGTGGTTATTAC,GTATTACTATGATAGTGGTTATTAC,1.00,0.89,1,,,,
V033,IGHD3-41*01,GTATTACAATATTTGGACTGGTTATTATACC,,,,,,,,,
V033,IGHD3-41*01_S1308,GTATTACAATATTTGGACTGGTTATTACACC,,,,,,,,,
V033,IGHD3-41*01_S1524,GTATTACAATATTTGGAGTGGTTATTACACC,,,,,,9999,3396,59,9
V033,IGHD3-41*01_S4389,GTATTACAATTTTTGGACTGGTTATTATACC,,,,,,,,,
V033,IGHD3-41*01_S8240,GTATTACAATTTTTGGAGTGGTTATTACACC,CGTATTACAATTTTTGGAGTGGTTATTAC,GTATTACAATTTTTGGAGTGGTTATTAC,0.97,0.90,1,41818,12974,59,9
V033,IGHD4-21*01,TGACTACCATAACTA,,,,,,4532,1321,55,9
V033,IGHD4-23*01,TGAATACAGTAACTAC,ATGAATACAGTAACTAC,TGAATACAGTAACTAC,0.94,1.00,1,46090,12089,61,9
V033,IGHD4-24*01,TGACTACGGTAGCAACTAC,GACTACGGTAGCAACTACG,GACTACGGTAGCAACTAC,0.95,0.95,1,115440,30116,61,9
V033,IGHD4-25*01,TGACTACGGTAACTAC,GACTACGGTAACTAC,GACTACGGTAACTAC,1.00,0.94,1,20408,5305,60,9
V033,IGHD4-27*02_Ramesh,TGACTACGGTAGCAGCTAC,GACTACGGTAGCAGCTAC,GACTACGGTAGCAGCTAC,1.00,0.95,1,,,,
V033,IGHD5-27*01,GTGGATACAGTGGGTACAGTTAC,CGTGGATACAGTGGGTACAGTT,GTGGATACAGTGGGTACAGTT,0.95,0.91,1,42808,11797,61,9
V033,IGHD5-28*01,GTGGATACAGCTACAGTTAC,GTGGATACAGCTACAGTTAC,GTGGATACAGCTACAGTTAC,1.00,1.00,2,23247,6401,57,9
V033,IGHD5-29*01,GTGGATACAGCTACAGTTACCACAGTTTTGCCACC,GTGGATACAGCTACAGTTAC,GTGGATACAGCTACAGTTAC,1.00,0.57,2,6090,1888,59,9
V033,IGHD5-31*01,GTGGATATAGCTACGGTTAC,,,,,,6603,1916,56,9
V033,IGHD5-32*01,GGGGATACAGTGGGTACAGTTAC,,,,,,13301,3605,59,9
V033,IGHD5-32*01_S0263,GGAGATACAGTGGGTACAGTTAC,,,,,,,,,
V033,IGHD5-32*01_S0995,GGGGATACAGCGGGTACAGTTAC,GGGGATACAGCGGGTACAGTT,GGGGATACAGCGGGTACAGTT,1.00,0.91,1,27894,7849,59,9
V033,IGHD5-32*01_S2987,GGAGATACAGCGGGTACAGTTAC,,,,,,,,,
V033,IGHD6-33*01,GGGTATAGCAGCGGCTGGTAC,GGGTATAGCAGCGGCTGGTAC,GGGTATAGCAGCGGCTGGTAC,1.00,1.00,1,117479,31975,61,9
V033,IGHD6-34*01,GGGTATAGCAGCTGGTCC,GGGTATAGCAGCTGGTC,GGGTATAGCAGCTGGTC,1.00,0.94,1,51873,13804,61,9
V033,IGHD6-35*01,GGGTATAGCAGCAGATCC,,,,,,6215,1821,55,9
V033,IGHD6-36*01,GGGTATAGCGGCAGCTGGAAC,GGGTATAGCGGCAGCTGGAAC,GGGTATAGCGGCAGCTGGAAC,1.00,1.00,1,72857,20061,61,9
V033,IGHD6-38*01,GGGTATAGCGGTGGCTGGTCC,TATAGCGGTGGCTGGTC,TATAGCGGTGGCTGGTC,1.00,0.81,1,16653,4732,60,9
V033,IGHD6-38*01_S4618,GGGTATAGTGGTGGCTGGTCC,,,,,,,,,
V033,IGHD6-39*01,GGGTATAGCAGCAGCTAC,GTATAGCAGCAGCTAC,GTATAGCAGCAGCTAC,1.00,0.89,1,13739,3600,59,9
V033,IGHD6-39*01_S0850,GGGTATAGCAGCTAC,,,,,,3036,850,48,9
V033,IGHD7-40*01,CTAACTGGGGA,,,,,,10263,2429,53,9
